,_id,Date,precip,Unnamed: 0,name,lat,lon,text
0,11001,2019-8-22 15:40,0.0,9.0,宗谷岬,45.52,141.935,宗谷岬:  0.0mm
1,11016,2019-8-22 15:40,0.0,0.0,稚内,45.415,141.6783,稚内:  0.0mm
2,11046,2019-8-22 15:40,0.0,13.0,礼文,45.305,141.045,礼文:  0.0mm
3,11061,2019-8-22 15:40,0.0,12.0,声問,45.4033,141.8,声問:  0.0mm
4,11076,2019-8-22 15:40,0.0,10.0,浜鬼志別,45.335,142.17,浜鬼志別:  0.0mm
5,11091,2019-8-22 15:40,0.0,11.0,本泊,45.2417,141.1867,本泊:  0.0mm
6,11121,2019-8-22 15:40,0.0,7.0,沼川,45.2483,141.8517,沼川:  0.0mm
7,11151,2019-8-22 15:40,0.0,1.0,沓形,45.1767,141.1383,沓形:  0.0mm
8,11176,2019-8-22 15:40,0.0,6.0,豊富,45.1067,141.765,豊富:  0.0mm
9,11206,2019-8-22 15:40,0.0,2.0,浜頓別,45.125,142.35,浜頓別:  0.0mm
10,11276,2019-8-22 15:40,0.0,5.0,中頓別,44.965,142.28,中頓別:  0.0mm
11,11291,2019-8-22 15:40,0.0,3.0,北見枝幸,44.94,142.585,北見枝幸:  0.0mm
12,11316,2019-8-22 15:40,0.0,4.0,歌登,44.84,142.48,歌登:  0.0mm
13,13011,2019-8-22 15:40,0.0,15.0,幌延,45.0067,141.8517,幌延:  0.0mm
14,12011,2019-8-22 15:40,0.0,46.0,中川,44.8283,142.0767,中川:  0.0mm
15,12041,2019-8-22 15:40,0.0,45.0,音威子府,44.7267,142.265,音威子府:  0.0mm
16,12066,2019-8-22 15:40,0.0,49.0,小車,44.6083,142.295,小車:  0.0mm
17,12141,2019-8-22 15:40,0.0,16.0,美深,44.48,142.3417,美深:  0.0mm
18,12181,2019-8-22 15:40,0.0,18.0,名寄,44.37,142.4567,名寄:  0.0mm
19,12217,2019-8-22 15:40,0.0,19.0,西風連,44.295,142.3583,西風連:  0.0mm
20,12231,2019-8-22 15:40,1.5,20.0,下川,44.3017,142.6233,下川:  1.5mm
21,12256,2019-8-22 15:40,0.0,50.0,剣淵,44.1067,142.3533,剣淵:  0.0mm
22,12261,2019-8-22 15:40,0.0,21.0,士別,44.1867,142.4167,士別:  0.0mm
23,12266,2019-8-22 15:40,0.0,34.0,朝日,44.1183,142.595,朝日:  0.0mm
24,12301,2019-8-22 15:40,0.0,38.0,和寒,44.0283,142.41,和寒:  0.0mm
25,12386,2019-8-22 15:40,0.0,44.0,江丹別,43.87,142.26,江丹別:  0.0mm
26,12396,2019-8-22 15:40,0.0,35.0,比布,43.875,142.48,比布:  0.0mm
27,12411,2019-8-22 15:40,0.0,25.0,上川,43.8467,142.7533,上川:  0.0mm
28,12442,2019-8-22 15:40,0.0,26.0,旭川,43.7567,142.3717,旭川:  0.0mm
29,12451,2019-8-22 15:40,0.0,39.0,東川,43.7017,142.5083,東川:  0.0mm
30,12457,2019-8-22 15:40,0.0,27.0,瑞穂,43.7367,142.6383,瑞穂:  0.0mm
31,12471,2019-8-22 15:40,0.0,36.0,層雲峡,43.7533,142.93,層雲峡:  0.0mm
32,12501,2019-8-22 15:40,0.0,48.0,東神楽,43.67,142.4467,東神楽:  0.0mm
33,12512,2019-8-22 15:40,0.0,40.0,志比内,43.6433,142.5817,志比内:  0.0mm
34,12551,2019-8-22 15:40,0.0,37.0,美瑛,43.5883,142.4933,美瑛:  0.0mm
35,12596,2019-8-22 15:40,0.0,43.0,上富良野,43.455,142.465,上富良野:  0.0mm
36,12607,2019-8-22 15:40,0.0,30.0,白金,43.475,142.6483,白金:  0.0mm
37,12626,2019-8-22 15:40,0.0,31.0,富良野,43.3333,142.4,富良野:  0.0mm
38,12632,2019-8-22 15:40,0.0,47.0,麓郷,43.3017,142.5217,麓郷:  0.0mm
39,12686,2019-8-22 15:40,0.0,51.0,金山,43.1383,142.4167,金山:  0.0mm
40,12691,2019-8-22 15:40,0.0,41.0,幾寅,43.1683,142.5683,幾寅:  0.0mm
41,12746,2019-8-22 15:40,0.0,42.0,占冠,42.9783,142.395,占冠:  0.0mm
42,15041,2019-8-22 15:40,0.0,53.0,朱鞠内,44.2817,142.1617,朱鞠内:  0.0mm
43,15076,2019-8-22 15:40,0.0,52.0,幌加内,44.01,142.16,幌加内:  0.0mm
44,13061,2019-8-22 15:40,0.0,54.0,天塩,44.8933,141.7617,天塩:  0.0mm
45,13086,2019-8-22 15:40,0.0,55.0,遠別,44.7183,141.8067,遠別:  0.0mm
46,13121,2019-8-22 15:40,0.0,61.0,初山別,44.5233,141.77,初山別:  0.0mm
47,13146,2019-8-22 15:40,0.0,60.0,焼尻,44.4283,141.4217,焼尻:  0.0mm
48,13181,2019-8-22 15:40,0.0,56.0,羽幌,44.3633,141.7,羽幌:  0.0mm
49,13206,2019-8-22 15:40,0.0,59.0,古丹別,44.265,141.7217,古丹別:  0.0mm
50,13261,2019-8-22 15:40,0.0,62.0,達布,44.0483,141.8567,達布:  0.0mm
51,13277,2019-8-22 15:40,0.0,57.0,留萌,43.945,141.6317,留萌:  0.0mm
52,13311,2019-8-22 15:40,0.0,58.0,増毛,43.8483,141.51,増毛:  0.0mm
53,13321,2019-8-22 15:40,0.0,63.0,幌糠,43.8533,141.76,幌糠:  0.0mm
54,14026,2019-8-22 15:40,0.0,75.0,浜益,43.5817,141.3867,浜益:  0.0mm
55,14071,2019-8-22 15:40,0.0,76.0,厚田,43.3983,141.4367,厚田:  0.0mm
56,14101,2019-8-22 15:40,0.0,65.0,新篠津,43.22,141.645,新篠津:  0.0mm
57,14116,2019-8-22 15:40,0.0,66.0,山口,43.1467,141.2217,山口:  0.0mm
58,14121,2019-8-22 15:40,0.0,74.0,石狩,43.1933,141.37,石狩:  0.0mm
59,14136,2019-8-22 15:40,0.0,78.0,江別,43.11,141.6017,江別:  0.0mm
60,14157,2019-8-22 15:40,0.0,67.0,手稲山,43.0833,141.2017,手稲山:  0.0mm
61,14163,2019-8-22 15:40,0.0,68.0,札幌,43.06,141.3283,札幌:  0.0mm
62,14191,2019-8-22 15:40,0.0,69.0,小金湯,42.9633,141.2167,小金湯:  0.0mm
63,14206,2019-8-22 15:40,0.0,70.0,恵庭島松,42.925,141.565,恵庭島松:  0.0mm
64,14286,2019-8-22 15:40,0.0,72.0,支笏湖畔,42.7717,141.4067,支笏湖畔:  0.0mm
65,14296,2019-8-22 15:40,0.0,77.0,千歳,42.775,141.6917,千歳:  0.0mm
66,15116,2019-8-22 15:40,0.0,79.0,石狩沼田,43.815,141.9267,石狩沼田:  0.0mm
67,15161,2019-8-22 15:40,0.0,80.0,深川,43.7183,142.0733,深川:  0.0mm
68,15197,2019-8-22 15:40,0.0,102.0,雨竜,43.66,141.8917,雨竜:  0.0mm
69,15216,2019-8-22 15:40,0.0,100.0,新城,43.6117,142.2033,新城:  0.0mm
70,15231,2019-8-22 15:40,0.0,96.0,空知吉野,43.595,141.7317,空知吉野:  0.0mm
71,15241,2019-8-22 15:40,0.0,82.0,滝川,43.57,141.9383,滝川:  0.0mm
72,15247,2019-8-22 15:40,0.0,101.0,赤平,43.5533,142.0667,赤平:  0.0mm
73,15251,2019-8-22 15:40,0.0,84.0,芦別,43.5167,142.19,芦別:  0.0mm
74,15276,2019-8-22 15:40,0.0,97.0,浦臼,43.4283,141.81,浦臼:  0.0mm
75,15311,2019-8-22 15:40,0.0,92.0,月形,43.33,141.6183,月形:  0.0mm
76,15321,2019-8-22 15:40,0.0,85.0,美唄,43.3633,141.8267,美唄:  0.0mm
77,15356,2019-8-22 15:40,0.0,86.0,岩見沢,43.2117,141.785,岩見沢:  0.0mm
78,15391,2019-8-22 15:40,0.0,93.0,栗沢,43.1217,141.745,栗沢:  0.0mm
79,15431,2019-8-22 15:40,0.0,88.0,長沼,43.0117,141.6933,長沼:  0.0mm
80,15442,2019-8-22 15:40,0.0,90.0,夕張,43.0383,141.9567,夕張:  0.0mm
81,15451,2019-8-22 15:40,0.0,98.0,鹿島,43.08,142.1,鹿島:  0.0mm
82,15491,2019-8-22 15:40,0.0,99.0,沼の沢,42.96,142.02,沼の沢:  0.0mm
83,16026,2019-8-22 15:40,0.0,103.0,美国,43.2717,140.5633,美国:  0.0mm
84,16061,2019-8-22 15:40,0.0,116.0,神恵内,43.145,140.4233,神恵内:  0.0mm
85,16076,2019-8-22 15:40,0.0,104.0,余市,43.1817,140.7583,余市:  0.0mm
86,16091,2019-8-22 15:40,0.0,105.0,小樽,43.1817,141.0167,小樽:  0.0mm
87,16126,2019-8-22 15:40,0.0,115.0,赤井川,43.0833,140.82,赤井川:  0.0mm
88,16156,2019-8-22 15:40,0.0,106.0,共和,42.98,140.6033,共和:  0.0mm
89,16206,2019-8-22 15:40,0.0,107.0,蘭越,42.81,140.5417,蘭越:  0.0mm
90,16217,2019-8-22 15:40,0.0,108.0,倶知安,42.9,140.7567,倶知安:  0.0mm
91,16252,2019-8-22 15:40,0.0,110.0,寿都,42.795,140.2233,寿都:  0.0mm
92,16272,2019-8-22 15:40,0.0,117.0,ニセコ,42.7783,140.6667,ニセコ:  0.0mm
93,16281,2019-8-22 15:40,0.0,114.0,真狩,42.775,140.88,真狩:  0.0mm
94,16286,2019-8-22 15:40,0.0,112.0,喜茂別,42.7933,140.9483,喜茂別:  0.0mm
95,16321,2019-8-22 15:40,0.5,113.0,黒松内,42.6633,140.31,黒松内:  0.5mm
96,17036,2019-8-22 15:40,0.0,118.0,雄武,44.58,142.9633,雄武:  0.0mm
97,17076,2019-8-22 15:40,0.0,119.0,興部,44.47,143.1083,興部:  0.0mm
98,17091,2019-8-22 15:40,0.0,141.0,西興部,44.3317,142.9367,西興部:  0.0mm
99,17112,2019-8-22 15:40,0.0,120.0,紋別,44.345,143.355,紋別:  0.0mm
100,17116,2019-8-22 15:40,0.0,147.0,紋別小向,44.3033,143.4033,紋別小向:  0.0mm
101,17166,2019-8-22 15:40,0.0,121.0,湧別,44.2133,143.62,湧別:  0.0mm
102,17196,2019-8-22 15:40,0.0,122.0,滝上,44.1767,143.06,滝上:  0.0mm
103,17211,2019-8-22 15:40,0.0,123.0,上藻別,44.1883,143.3367,上藻別:  0.0mm
104,17246,2019-8-22 15:40,0.0,124.0,常呂,44.115,144.0367,常呂:  0.0mm
105,17306,2019-8-22 15:40,0.0,125.0,遠軽,44.0533,143.54,遠軽:  0.0mm
106,17316,2019-8-22 15:40,0.0,126.0,佐呂間,43.985,143.7233,佐呂間:  0.0mm
107,17341,2019-8-22 15:40,0.0,127.0,網走,44.0167,144.2783,網走:  0.0mm
108,17351,2019-8-22 15:40,0.0,140.0,宇登呂,44.0517,144.9817,宇登呂:  0.0mm
109,17386,2019-8-22 15:40,0.0,145.0,丸瀬布,43.9533,143.3283,丸瀬布:  0.0mm
110,17482,2019-8-22 15:40,0.0,142.0,白滝,43.865,143.1533,白滝:  0.0mm
111,17501,2019-8-22 15:40,0.0,128.0,生田原,43.9167,143.5317,生田原:  0.0mm
112,17512,2019-8-22 15:40,0.0,129.0,仁頃山,43.86,143.7467,仁頃山:  0.0mm
113,17521,2019-8-22 15:40,0.0,130.0,北見,43.81,143.875,北見:  0.0mm
114,17531,2019-8-22 15:40,0.0,146.0,女満別,43.88,144.1633,女満別:  0.0mm
115,17541,2019-8-22 15:40,0.0,144.0,東藻琴,43.84,144.285,東藻琴:  0.0mm
116,17546,2019-8-22 15:40,0.0,131.0,小清水,43.8417,144.485,小清水:  0.0mm
117,17561,2019-8-22 15:40,0.0,132.0,斜里,43.8833,144.7,斜里:  0.0mm
118,17596,2019-8-22 15:40,0.0,133.0,留辺蘂,43.7417,143.45,留辺蘂:  0.0mm
119,17607,2019-8-22 15:40,0.0,143.0,境野,43.7067,143.6433,境野:  0.0mm
120,17631,2019-8-22 15:40,0.0,135.0,美幌,43.77,144.1717,美幌:  0.0mm
121,17642,2019-8-22 15:40,0.0,150.0,山園,43.7433,144.3367,山園:  0.0mm
122,17686,2019-8-22 15:40,0.0,149.0,置戸常元,43.62,143.44,置戸常元:  0.0mm
123,17717,2019-8-22 15:40,0.0,138.0,津別,43.7017,144.0333,津別:  0.0mm
124,17776,2019-8-22 15:40,0.0,148.0,津別二又,43.5833,143.865,津別二又:  0.0mm
125,18038,2019-8-22 15:40,0.0,151.0,羅臼,44.0233,145.1867,羅臼:  0.0mm
126,18091,2019-8-22 15:40,0.0,159.0,糸櫛別,43.7217,144.9883,糸櫛別:  0.0mm
127,18136,2019-8-22 15:40,0.0,152.0,標津,43.6617,145.1317,標津:  0.0mm
128,18161,2019-8-22 15:40,0.0,161.0,上標津,43.52,144.7467,上標津:  0.0mm
129,18171,2019-8-22 15:40,0.0,153.0,中標津,43.5433,144.9783,中標津:  0.0mm
130,18174,2019-8-22 15:40,0.0,160.0,根室中標津,43.5767,144.96,根室中標津:  0.0mm
131,18256,2019-8-22 15:40,0.0,155.0,別海,43.3817,145.1183,別海:  0.0mm
132,18273,2019-8-22 15:40,0.0,156.0,根室,43.33,145.585,根室:  0.0mm
133,18281,2019-8-22 15:40,0.0,157.0,納沙布,43.3933,145.7583,納沙布:  0.0mm
134,18311,2019-8-22 15:40,0.0,158.0,厚床,43.2317,145.2583,厚床:  0.0mm
135,19021,2019-8-22 15:40,0.0,162.0,川湯,43.6167,144.4567,川湯:  0.0mm
136,19051,2019-8-22 15:40,0.0,174.0,弟子屈,43.51,144.4667,弟子屈:  0.0mm
137,19076,2019-8-22 15:40,0.0,163.0,阿寒湖畔,43.4367,144.085,阿寒湖畔:  0.0mm
138,19151,2019-8-22 15:40,0.0,165.0,標茶,43.2917,144.5867,標茶:  0.0mm
139,19191,2019-8-22 15:40,0.0,173.0,鶴居,43.2317,144.325,鶴居:  0.0mm
140,19261,2019-8-22 15:40,0.0,167.0,中徹別,43.1983,144.1417,中徹別:  0.0mm
141,19281,2019-8-22 15:40,0.0,178.0,塘路,43.1483,144.4967,塘路:  0.0mm
142,19301,2019-8-22 15:40,0.0,179.0,茶内原野,43.1733,144.9667,茶内原野:  0.0mm
143,19311,2019-8-22 15:40,0.0,176.0,榊町,43.12,145.11,榊町:  0.0mm
144,19346,2019-8-22 15:40,0.0,168.0,阿寒,43.1133,144.1233,阿寒:  0.0mm
145,19347,2019-8-22 15:40,0.0,180.0,鶴丘,43.04,144.1917,鶴丘:  0.0mm
146,19376,2019-8-22 15:40,0.0,175.0,太田,43.09,144.7783,太田:  0.0mm
147,19406,2019-8-22 15:40,0.0,172.0,二俣,42.9717,143.8917,二俣:  0.0mm
148,19416,2019-8-22 15:40,0.0,170.0,白糠,42.97,144.0617,白糠:  0.0mm
149,19432,2019-8-22 15:40,0.0,171.0,釧路,42.985,144.3767,釧路:  0.0mm
150,19451,2019-8-22 15:40,0.0,177.0,知方学,42.9383,144.735,知方学:  0.0mm
151,20047,2019-8-22 15:40,0.0,216.0,三股,43.51,143.1483,三股:  0.0mm
152,20071,2019-8-22 15:40,0.0,210.0,小利別,43.5883,143.68,小利別:  0.0mm
153,20146,2019-8-22 15:40,0.0,182.0,陸別,43.4683,143.7383,陸別:  0.0mm
154,20186,2019-8-22 15:40,0.0,184.0,ぬかびら源泉郷,43.3667,143.1917,ぬかびら源泉郷:  0.0mm
155,20202,2019-8-22 15:40,0.0,212.0,柏倉,43.3617,143.4583,柏倉:  0.0mm
156,20222,2019-8-22 15:40,0.0,213.0,上螺湾,43.3183,143.8017,上螺湾:  0.0mm
157,20266,2019-8-22 15:40,0.0,188.0,上士幌,43.235,143.3033,上士幌:  0.0mm
158,20276,2019-8-22 15:40,0.0,190.0,足寄,43.2433,143.5533,足寄:  0.0mm
159,20331,2019-8-22 15:40,0.0,211.0,押帯,43.115,143.4433,押帯:  0.0mm
160,20341,2019-8-22 15:40,0.0,193.0,本別,43.1317,143.6,本別:  0.0mm
161,20356,2019-8-22 15:40,0.0,194.0,新得,43.0767,142.84,新得:  0.0mm
162,20361,2019-8-22 15:40,0.0,195.0,鹿追,43.1033,142.995,鹿追:  0.0mm
163,20371,2019-8-22 15:40,0.0,205.0,駒場,43.05,143.1833,駒場:  0.0mm
164,20421,2019-8-22 15:40,0.0,196.0,芽室,42.9,143.0433,芽室:  0.0mm
165,20432,2019-8-22 15:40,0.0,197.0,帯広,42.9217,143.2117,帯広:  0.0mm
166,20441,2019-8-22 15:40,0.0,198.0,池田,42.92,143.4583,池田:  0.0mm
167,20451,2019-8-22 15:40,0.0,214.0,留真,42.9167,143.6617,留真:  0.0mm
168,20506,2019-8-22 15:40,0.0,199.0,浦幌,42.8083,143.6567,浦幌:  0.0mm
169,20551,2019-8-22 15:40,0.0,215.0,帯広泉,42.7333,143.2167,帯広泉:  0.0mm
170,20556,2019-8-22 15:40,0.0,209.0,糠内,42.7867,143.3283,糠内:  0.0mm
171,20601,2019-8-22 15:40,0.0,206.0,上札内,42.6417,143.0967,上札内:  0.0mm
172,20606,2019-8-22 15:40,0.0,207.0,更別,42.6483,143.19,更別:  0.0mm
173,20631,2019-8-22 15:40,0.0,208.0,大津,42.685,143.6467,大津:  0.0mm
174,20696,2019-8-22 15:40,0.0,202.0,大樹,42.5,143.275,大樹:  0.0mm
175,20751,2019-8-22 15:40,0.0,203.0,広尾,42.2933,143.315,広尾:  0.0mm
176,21031,2019-8-22 15:40,0.0,217.0,安平,42.8133,141.8283,安平:  0.0mm
177,21111,2019-8-22 15:40,0.0,218.0,厚真,42.73,141.8883,厚真:  0.0mm
178,21126,2019-8-22 15:40,1.0,219.0,穂別,42.7617,142.1433,穂別:  1.0mm
179,21161,2019-8-22 15:40,0.0,230.0,大滝,42.67,141.0783,大滝:  0.0mm
180,21171,2019-8-22 15:40,1.5,220.0,森野,42.63,141.2467,森野:  1.5mm
181,21187,2019-8-22 15:40,0.0,221.0,苫小牧,42.6233,141.5467,苫小牧:  0.0mm
182,21226,2019-8-22 15:40,0.0,222.0,大岸,42.59,140.6433,大岸:  0.0mm
183,21237,2019-8-22 15:40,0.0,231.0,洞爺湖温泉,42.565,140.8067,洞爺湖温泉:  0.0mm
184,21251,2019-8-22 15:40,1.0,232.0,カルルス,42.5167,141.1067,カルルス:  1.0mm
185,21261,2019-8-22 15:40,0.0,224.0,白老,42.5433,141.3517,白老:  0.0mm
186,21276,2019-8-22 15:40,0.0,225.0,鵡川,42.59,141.9333,鵡川:  0.0mm
187,21297,2019-8-22 15:40,0.0,226.0,伊達,42.4733,140.8767,伊達:  0.0mm
188,21312,2019-8-22 15:40,3.5,228.0,登別,42.4583,141.1183,登別:  3.5mm
189,21323,2019-8-22 15:40,0.0,229.0,室蘭,42.3117,140.975,室蘭:  0.0mm
190,22036,2019-8-22 15:40,0.5,250.0,日高,42.8767,142.4417,日高:  0.5mm
191,22072,2019-8-22 15:40,1.0,248.0,仁世宇,42.7717,142.3583,仁世宇:  1.0mm
192,22106,2019-8-22 15:40,0.0,255.0,旭,42.6283,142.3933,旭:  0.0mm
193,22141,2019-8-22 15:40,0.0,241.0,日高門別,42.5217,142.0367,日高門別:  0.0mm
194,22156,2019-8-22 15:40,0.0,242.0,新和,42.5433,142.3333,新和:  0.0mm
195,22206,2019-8-22 15:40,0.0,244.0,笹山,42.4333,142.4817,笹山:  0.0mm
196,22241,2019-8-22 15:40,0.0,245.0,静内,42.3433,142.3617,静内:  0.0mm
197,22291,2019-8-22 15:40,0.0,249.0,三石,42.245,142.6617,三石:  0.0mm
198,22306,2019-8-22 15:40,0.0,253.0,中杵臼,42.2233,142.9483,中杵臼:  0.0mm
199,22327,2019-8-22 15:40,0.0,247.0,浦河,42.1617,142.7767,浦河:  0.0mm
200,22356,2019-8-22 15:40,0.0,252.0,目黒,42.1267,143.3133,目黒:  0.0mm
201,22366,2019-8-22 15:40,0.0,251.0,幌満,42.0767,143.035,幌満:  0.0mm
202,22391,2019-8-22 15:40,0.0,254.0,えりも岬,41.925,143.2433,えりも岬:  0.0mm
203,23031,2019-8-22 15:40,0.0,257.0,長万部,42.5233,140.3817,長万部:  0.0mm
204,23086,2019-8-22 15:40,0.0,258.0,八雲,42.2517,140.2717,八雲:  0.0mm
205,23166,2019-8-22 15:40,0.0,259.0,森,42.0667,140.5883,森:  0.0mm
206,23191,2019-8-22 15:40,0.0,260.0,大沼,41.9767,140.715,大沼:  0.0mm
207,23206,2019-8-22 15:40,0.0,261.0,川汲,41.905,140.97,川汲:  0.0mm
208,23226,2019-8-22 15:40,0.0,262.0,北斗,41.8867,140.6533,北斗:  0.0mm
209,23232,2019-8-22 15:40,0.0,263.0,函館,41.8167,140.7533,函館:  0.0mm
210,23281,2019-8-22 15:40,0.0,270.0,高松,41.77,140.8217,高松:  0.0mm
211,23291,2019-8-22 15:40,0.0,271.0,戸井泊,41.7167,141.0033,戸井泊:  0.0mm
212,23321,2019-8-22 15:40,0.0,272.0,知内,41.5983,140.375,知内:  0.0mm
213,23326,2019-8-22 15:40,0.0,267.0,木古内,41.6867,140.445,木古内:  0.0mm
214,23356,2019-8-22 15:40,0.5,268.0,千軒,41.5583,140.2717,千軒:  0.5mm
215,23376,2019-8-22 15:40,0.0,266.0,松前,41.4233,140.0867,松前:  0.0mm
216,24141,2019-8-22 15:40,0.0,273.0,熊石,42.1283,139.985,熊石:  0.0mm
217,24041,2019-8-22 15:40,0.0,274.0,せたな,42.45,139.8517,せたな:  0.0mm
218,24051,2019-8-22 15:40,0.0,275.0,今金,42.4283,140.0083,今金:  0.0mm
219,24101,2019-8-22 15:40,0.0,278.0,奥尻,42.2483,139.5567,奥尻:  0.0mm
220,24156,2019-8-22 15:40,0.0,281.0,米岡,42.0717,139.4317,米岡:  0.0mm
221,24166,2019-8-22 15:40,0.0,276.0,潮見,42.0383,140.0883,潮見:  0.0mm
222,24201,2019-8-22 15:40,0.0,279.0,鶉,41.93,140.3117,鶉:  0.0mm
223,24217,2019-8-22 15:40,0.0,277.0,江差,41.8667,140.1233,江差:  0.0mm
224,24236,2019-8-22 15:40,0.0,280.0,石崎,41.7,140.0283,石崎:  0.0mm
225,31001,2019-8-22 15:40,0.0,306.0,大間,41.5267,140.9117,大間:  0.0mm
226,31036,2019-8-22 15:40,0.0,318.0,湯野川,41.3133,140.9567,湯野川:  0.0mm
227,31111,2019-8-22 15:40,0.0,283.0,むつ,41.2833,141.21,むつ:  0.0mm
228,31121,2019-8-22 15:40,1.0,312.0,小田野沢,41.235,141.3967,小田野沢:  1.0mm
229,31136,2019-8-22 15:40,0.0,304.0,今別,41.18,140.4817,今別:  0.0mm
230,31156,2019-8-22 15:40,0.0,313.0,脇野沢,41.145,140.8217,脇野沢:  0.0mm
231,31186,2019-8-22 15:40,0.0,311.0,市浦,41.0567,140.3467,市浦:  0.0mm
232,31201,2019-8-22 15:40,0.0,284.0,蟹田,41.045,140.6333,蟹田:  0.0mm
233,31296,2019-8-22 15:40,0.0,288.0,五所川原,40.8083,140.4583,五所川原:  0.0mm
234,31312,2019-8-22 15:40,0.0,285.0,青森,40.8217,140.7683,青森:  0.0mm
235,31321,2019-8-22 15:40,0.0,307.0,大和山,40.8483,140.985,大和山:  0.0mm
236,31332,2019-8-22 15:40,0.0,286.0,野辺地,40.885,141.16,野辺地:  0.0mm
237,31336,2019-8-22 15:40,0.0,305.0,六ケ所,40.885,141.2717,六ケ所:  0.0mm
238,31366,2019-8-22 15:40,0.0,287.0,鰺ケ沢,40.7767,140.205,鰺ケ沢:  0.0mm
239,31386,2019-8-22 15:40,0.0,317.0,青森大谷,40.7333,140.6883,青森大谷:  0.0mm
240,31411,2019-8-22 15:40,0.0,314.0,七戸,40.7083,141.1283,七戸:  0.0mm
241,31436,2019-8-22 15:40,0.0,289.0,深浦,40.645,139.9317,深浦:  0.0mm
242,31451,2019-8-22 15:40,0.0,309.0,岳,40.6283,140.2633,岳:  0.0mm
243,31461,2019-8-22 15:40,0.0,290.0,弘前,40.6117,140.455,弘前:  0.0mm
244,31466,2019-8-22 15:40,0.0,291.0,黒石,40.6667,140.585,黒石:  0.0mm
245,31482,2019-8-22 15:40,0.0,308.0,酸ケ湯,40.6483,140.8483,酸ケ湯:  0.0mm
246,31506,2019-8-22 15:40,0.0,293.0,三沢,40.675,141.375,三沢:  0.0mm
247,31551,2019-8-22 15:40,0.0,298.0,大鰐,40.53,140.555,大鰐:  0.0mm
248,31562,2019-8-22 15:40,0.0,316.0,温川,40.515,140.7833,温川:  0.0mm
249,31586,2019-8-22 15:40,0.0,296.0,十和田,40.595,141.2467,十和田:  0.0mm
250,31602,2019-8-22 15:40,0.0,297.0,八戸,40.5267,141.5217,八戸:  0.0mm
251,31646,2019-8-22 15:40,0.0,299.0,碇ケ関,40.4817,140.62,碇ケ関:  0.0mm
252,31662,2019-8-22 15:40,0.0,301.0,休屋,40.4267,140.8983,休屋:  0.0mm
253,31671,2019-8-22 15:40,0.0,315.0,戸来,40.4683,141.1767,戸来:  0.0mm
254,31721,2019-8-22 15:40,0.0,303.0,三戸,40.3833,141.2567,三戸:  0.0mm
255,32056,2019-8-22 15:40,0.0,347.0,八森,40.3883,139.9817,八森:  0.0mm
256,32071,2019-8-22 15:40,0.0,354.0,藤里,40.32,140.2933,藤里:  0.0mm
257,32091,2019-8-22 15:40,0.0,320.0,陣場,40.4033,140.6083,陣場:  0.0mm
258,32096,2019-8-22 15:40,0.0,358.0,藤原,40.355,140.7817,藤原:  0.0mm
259,32111,2019-8-22 15:40,0.0,322.0,能代,40.1983,140.0317,能代:  0.0mm
260,32126,2019-8-22 15:40,0.0,323.0,鷹巣,40.2267,140.3717,鷹巣:  0.0mm
261,32136,2019-8-22 15:40,0.0,344.0,大館,40.2517,140.505,大館:  0.0mm
262,32146,2019-8-22 15:40,0.0,324.0,鹿角,40.215,140.7867,鹿角:  0.0mm
263,32181,2019-8-22 15:40,0.0,361.0,脇神,40.1917,140.3717,脇神:  0.0mm
264,32206,2019-8-22 15:40,0.5,325.0,湯瀬,40.12,140.84,湯瀬:  0.5mm
265,32266,2019-8-22 15:40,0.0,356.0,八幡平,40.0133,140.8017,八幡平:  0.0mm
266,32276,2019-8-22 15:40,0.0,359.0,男鹿真山,39.9383,139.7817,男鹿真山:  0.0mm
267,32286,2019-8-22 15:40,0.0,346.0,男鹿,39.9117,139.9,男鹿:  0.0mm
268,32287,2019-8-22 15:40,0.0,345.0,大潟,40.0,139.95,大潟:  0.0mm
269,32296,2019-8-22 15:40,0.0,327.0,五城目,39.9383,140.115,五城目:  0.0mm
270,32311,2019-8-22 15:40,0.0,352.0,阿仁合,39.9933,140.4033,阿仁合:  0.0mm
271,32312,2019-8-22 15:40,0.0,350.0,比立内,39.9033,140.45,比立内:  0.0mm
272,32376,2019-8-22 15:40,2.5,355.0,桧木内,39.8117,140.585,桧木内:  2.5mm
273,32402,2019-8-22 15:40,0.0,329.0,秋田,39.7167,140.0983,秋田:  0.0mm
274,32407,2019-8-22 15:40,0.0,331.0,岩見三内,39.7067,140.2867,岩見三内:  0.0mm
275,32408,2019-8-22 15:40,0.0,360.0,仁別,39.8,140.2167,仁別:  0.0mm
276,32426,2019-8-22 15:40,0.0,353.0,鎧畑,39.775,140.665,鎧畑:  0.0mm
277,32431,2019-8-22 15:40,0.0,,,,,nan:  0.0mm
278,32451,2019-8-22 15:40,0.0,362.0,雄和,39.615,140.2183,雄和:  0.0mm
279,32466,2019-8-22 15:40,0.0,332.0,角館,39.6033,140.5567,角館:  0.0mm
280,32476,2019-8-22 15:40,0.0,333.0,田沢湖,39.6983,140.7317,田沢湖:  0.0mm
281,32496,2019-8-22 15:40,0.0,348.0,大正寺,39.5267,140.2333,大正寺:  0.0mm
282,32551,2019-8-22 15:40,0.5,334.0,大曲,39.49,140.495,大曲:  0.5mm
283,32571,2019-8-22 15:40,0.0,335.0,本荘,39.36,140.055,本荘:  0.0mm
284,32581,2019-8-22 15:40,12.0,351.0,東由利,39.305,140.2883,東由利:  12.0mm
285,32596,2019-8-22 15:40,0.0,337.0,横手,39.32,140.555,横手:  0.0mm
286,32616,2019-8-22 15:40,0.0,338.0,象潟,39.2217,139.9017,象潟:  0.0mm
287,32626,2019-8-22 15:40,0.0,339.0,矢島,39.235,140.1367,矢島:  0.0mm
288,32681,2019-8-22 15:40,0.0,357.0,笹子,39.1033,140.2933,笹子:  0.0mm
289,32691,2019-8-22 15:40,1.5,341.0,湯沢,39.1867,140.4633,湯沢:  1.5mm
290,32701,2019-8-22 15:40,0.0,349.0,東成瀬,39.1783,140.6483,東成瀬:  0.0mm
291,32771,2019-8-22 15:40,0.0,343.0,湯の岱,38.96,140.5283,湯の岱:  0.0mm
292,33006,2019-8-22 15:40,0.0,363.0,種市,40.4033,141.7,種市:  0.0mm
293,33026,2019-8-22 15:40,0.0,364.0,軽米,40.3183,141.47,軽米:  0.0mm
294,33071,2019-8-22 15:40,0.0,365.0,二戸,40.2967,141.2983,二戸:  0.0mm
295,33086,2019-8-22 15:40,0.0,402.0,大野,40.28,141.6667,大野:  0.0mm
296,33136,2019-8-22 15:40,0.0,414.0,山形,40.1483,141.5717,山形:  0.0mm
297,33146,2019-8-22 15:40,0.0,367.0,久慈,40.1883,141.775,久慈:  0.0mm
298,33166,2019-8-22 15:40,0.0,407.0,荒屋,40.1033,141.05,荒屋:  0.0mm
299,33176,2019-8-22 15:40,0.0,413.0,奥中山,40.06,141.225,奥中山:  0.0mm
300,33186,2019-8-22 15:40,0.0,369.0,葛巻,40.0383,141.4367,葛巻:  0.0mm
301,33201,2019-8-22 15:40,0.0,417.0,下戸鎖,40.0833,141.7117,下戸鎖:  0.0mm
302,33206,2019-8-22 15:40,0.0,408.0,普代,40.0033,141.8833,普代:  0.0mm
303,33226,2019-8-22 15:40,0.0,372.0,岩手松尾,39.9517,141.065,岩手松尾:  0.0mm
304,33231,2019-8-22 15:40,0.0,,,,,nan:  0.0mm
305,33296,2019-8-22 15:40,0.0,400.0,好摩,39.8683,141.1667,好摩:  0.0mm
306,33326,2019-8-22 15:40,0.5,376.0,岩泉,39.8467,141.7967,岩泉:  0.5mm
307,33336,2019-8-22 15:40,0.5,412.0,小本,39.84,141.955,小本:  0.5mm
308,33351,2019-8-22 15:40,0.0,410.0,葛根田,39.775,140.945,葛根田:  0.0mm
309,33361,2019-8-22 15:40,0.0,422.0,滝沢,39.78,141.0967,滝沢:  0.0mm
310,33371,2019-8-22 15:40,0.0,404.0,薮川,39.7833,141.3283,薮川:  0.0mm
311,33421,2019-8-22 15:40,0.0,379.0,雫石,39.6967,140.975,雫石:  0.0mm
312,33431,2019-8-22 15:40,0.0,380.0,盛岡,39.6983,141.165,盛岡:  0.0mm
313,33441,2019-8-22 15:40,0.0,418.0,区界,39.65,141.3533,区界:  0.0mm
314,33461,2019-8-22 15:40,0.0,425.0,刈屋,39.6417,141.7733,刈屋:  0.0mm
315,33472,2019-8-22 15:40,0.0,381.0,宮古,39.6467,141.965,宮古:  0.0mm
316,33486,2019-8-22 15:40,0.5,,,,,nan:  0.5mm
317,33501,2019-8-22 15:40,0.5,409.0,紫波,39.5467,141.1267,紫波:  0.5mm
318,33526,2019-8-22 15:40,0.0,415.0,川井,39.5983,141.6817,川井:  0.0mm
319,33566,2019-8-22 15:40,9.0,384.0,豊沢,39.48,140.9683,豊沢:  9.0mm
320,33576,2019-8-22 15:40,0.0,385.0,花巻,39.4283,141.135,花巻:  0.0mm
321,33581,2019-8-22 15:40,0.0,386.0,大迫,39.47,141.2783,大迫:  0.0mm
322,33596,2019-8-22 15:40,0.0,423.0,附馬牛,39.4567,141.5067,附馬牛:  0.0mm
323,33611,2019-8-22 15:40,0.0,419.0,大槌,39.4383,141.8067,大槌:  0.0mm
324,33616,2019-8-22 15:40,0.0,401.0,山田,39.45,141.9567,山田:  0.0mm
325,33631,2019-8-22 15:40,4.5,387.0,湯田,39.31,140.7767,湯田:  4.5mm
326,33671,2019-8-22 15:40,0.0,389.0,遠野,39.3367,141.5383,遠野:  0.0mm
327,33686,2019-8-22 15:40,0.0,426.0,小鎚,39.36,141.8783,小鎚:  0.0mm
328,33711,2019-8-22 15:40,0.0,421.0,金ヶ崎,39.225,141.015,金ヶ崎:  0.0mm
329,33716,2019-8-22 15:40,0.0,388.0,北上,39.2883,141.11,北上:  0.0mm
330,33726,2019-8-22 15:40,0.0,405.0,米里,39.2333,141.31,米里:  0.0mm
331,33751,2019-8-22 15:40,0.0,391.0,釜石,39.27,141.8783,釜石:  0.0mm
332,33776,2019-8-22 15:40,0.0,393.0,若柳,39.1317,141.0633,若柳:  0.0mm
333,33781,2019-8-22 15:40,0.0,394.0,江刺,39.1833,141.1617,江刺:  0.0mm
334,33801,2019-8-22 15:40,0.0,411.0,住田,39.1417,141.5733,住田:  0.0mm
335,33831,2019-8-22 15:40,0.0,399.0,祭畤,39.01,140.865,祭畤:  0.0mm
336,33841,2019-8-22 15:40,0.0,403.0,衣川,39.05,141.045,衣川:  0.0mm
337,33856,2019-8-22 15:40,0.0,420.0,大東,39.0383,141.2967,大東:  0.0mm
338,33871,2019-8-22 15:40,0.0,427.0,陸前高田,39.025,141.63,陸前高田:  0.0mm
339,33877,2019-8-22 15:40,0.0,395.0,大船渡,39.0633,141.7133,大船渡:  0.0mm
340,33911,2019-8-22 15:40,0.0,396.0,一関,38.9333,141.125,一関:  0.0mm
341,33921,2019-8-22 15:40,0.0,397.0,千厩,38.9217,141.33,千厩:  0.0mm
342,34012,2019-8-22 15:40,0.0,448.0,駒ノ湯,38.9133,140.8283,駒ノ湯:  0.0mm
343,34026,2019-8-22 15:40,0.0,429.0,気仙沼,38.9083,141.555,気仙沼:  0.0mm
344,34056,2019-8-22 15:40,0.0,455.0,鴬沢,38.805,140.9483,鴬沢:  0.0mm
345,34096,2019-8-22 15:40,0.0,430.0,川渡,38.7433,140.76,川渡:  0.0mm
346,34111,2019-8-22 15:40,0.0,431.0,築館,38.735,141.005,築館:  0.0mm
347,34171,2019-8-22 15:40,0.0,446.0,米山,38.6267,141.1883,米山:  0.0mm
348,34186,2019-8-22 15:40,0.0,433.0,志津川,38.6817,141.4483,志津川:  0.0mm
349,34206,2019-8-22 15:40,0.0,456.0,加美,38.5717,140.7267,加美:  0.0mm
350,34216,2019-8-22 15:40,0.0,434.0,古川,38.5983,140.9117,古川:  0.0mm
351,34231,2019-8-22 15:40,0.0,461.0,桃生,38.56,141.245,桃生:  0.0mm
352,34241,2019-8-22 15:40,0.0,445.0,雄勝,38.5217,141.47,雄勝:  0.0mm
353,34262,2019-8-22 15:40,0.0,453.0,泉ケ岳,38.4067,140.7217,泉ケ岳:  0.0mm
354,34266,2019-8-22 15:40,0.0,435.0,大衡,38.4733,140.8883,大衡:  0.0mm
355,34276,2019-8-22 15:40,0.0,436.0,鹿島台,38.46,141.0917,鹿島台:  0.0mm
356,34286,2019-8-22 15:40,0.0,462.0,東松島,38.4267,141.2133,東松島:  0.0mm
357,34292,2019-8-22 15:40,0.0,437.0,石巻,38.4267,141.2983,石巻:  0.0mm
358,34296,2019-8-22 15:40,0.0,460.0,女川,38.4533,141.44,女川:  0.0mm
359,34311,2019-8-22 15:40,0.0,438.0,新川,38.3033,140.6367,新川:  0.0mm
360,34331,2019-8-22 15:40,0.0,447.0,塩釜,38.3383,141.0133,塩釜:  0.0mm
361,34361,2019-8-22 15:40,0.0,451.0,江ノ島,38.3983,141.5967,江ノ島:  0.0mm
362,34392,2019-8-22 15:40,0.0,440.0,仙台,38.2617,140.8967,仙台:  0.0mm
363,34431,2019-8-22 15:40,0.0,463.0,岩沼,38.1067,140.8767,岩沼:  0.0mm
364,34436,2019-8-22 15:40,0.0,454.0,名取,38.1383,140.9167,名取:  0.0mm
365,34461,2019-8-22 15:40,0.0,443.0,白石,38.015,140.6117,白石:  0.0mm
366,34462,2019-8-22 15:40,0.0,457.0,蔵王,38.1267,140.68,蔵王:  0.0mm
367,34471,2019-8-22 15:40,0.0,444.0,亘理,38.025,140.8583,亘理:  0.0mm
368,34506,2019-8-22 15:40,0.0,449.0,丸森,37.9317,140.7783,丸森:  0.0mm
369,34526,2019-8-22 15:40,0.0,452.0,筆甫,37.8267,140.7283,筆甫:  0.0mm
370,35002,2019-8-22 15:40,0.0,495.0,飛島,39.1833,139.5433,飛島:  0.0mm
371,35052,2019-8-22 15:40,0.0,465.0,酒田,38.9083,139.8433,酒田:  0.0mm
372,35056,2019-8-22 15:40,0.0,,,,,nan:  0.0mm
373,35071,2019-8-22 15:40,0.5,466.0,差首鍋,38.9183,140.2,差首鍋:  0.5mm
374,35086,2019-8-22 15:40,0.0,500.0,浜中,38.8117,139.7867,浜中:  0.0mm
375,35116,2019-8-22 15:40,0.0,468.0,金山,38.8783,140.3317,金山:  0.0mm
376,35141,2019-8-22 15:40,0.0,469.0,鶴岡,38.735,139.8283,鶴岡:  0.0mm
377,35146,2019-8-22 15:40,0.0,470.0,狩川,38.8,139.9733,狩川:  0.0mm
378,35162,2019-8-22 15:40,0.0,471.0,新庄,38.7567,140.3117,新庄:  0.0mm
379,35171,2019-8-22 15:40,0.0,472.0,瀬見,38.755,140.4133,瀬見:  0.0mm
380,35176,2019-8-22 15:40,0.0,487.0,向町,38.7583,140.5167,向町:  0.0mm
381,35201,2019-8-22 15:40,0.0,474.0,櫛引,38.6717,139.8483,櫛引:  0.0mm
382,35216,2019-8-22 15:40,0.0,492.0,肘折,38.6067,140.1633,肘折:  0.0mm
383,35231,2019-8-22 15:40,0.0,489.0,尾花沢,38.6083,140.4117,尾花沢:  0.0mm
384,35246,2019-8-22 15:40,0.0,490.0,鼠ケ関,38.5667,139.5517,鼠ケ関:  0.0mm
385,35256,2019-8-22 15:40,1.0,497.0,荒沢,38.5067,139.7817,荒沢:  1.0mm
386,35332,2019-8-22 15:40,0.0,502.0,村山,38.46,140.3483,村山:  0.0mm
387,35334,2019-8-22 15:40,0.0,501.0,東根,38.4117,140.37,東根:  0.0mm
388,35361,2019-8-22 15:40,3.0,496.0,大井沢,38.39,139.9933,大井沢:  3.0mm
389,35376,2019-8-22 15:40,0.0,478.0,左沢,38.37,140.1917,左沢:  0.0mm
390,35426,2019-8-22 15:40,0.0,479.0,山形,38.255,140.345,山形:  0.0mm
391,35456,2019-8-22 15:40,0.0,481.0,長井,38.105,140.015,長井:  0.0mm
392,35466,2019-8-22 15:40,0.0,503.0,上山中山,38.1167,140.2133,上山中山:  0.0mm
393,35486,2019-8-22 15:40,0.0,483.0,小国,38.0783,139.735,小国:  0.0mm
394,35511,2019-8-22 15:40,0.0,493.0,高畠,38.0033,140.2067,高畠:  0.0mm
395,35537,2019-8-22 15:40,0.5,498.0,中津川,37.91,139.8433,中津川:  0.5mm
396,35541,2019-8-22 15:40,0.5,484.0,高峰,37.9983,139.9567,高峰:  0.5mm
397,35552,2019-8-22 15:40,0.0,485.0,米沢,37.9117,140.1433,米沢:  0.0mm
398,36056,2019-8-22 15:40,0.0,549.0,茂庭,37.8917,140.4367,茂庭:  0.0mm
399,36066,2019-8-22 15:40,0.0,510.0,梁川,37.8517,140.5883,梁川:  0.0mm
400,36081,2019-8-22 15:40,0.0,557.0,新地,37.875,140.9183,新地:  0.0mm
401,36106,2019-8-22 15:40,0.5,548.0,桧原,37.7217,140.0583,桧原:  0.5mm
402,36126,2019-8-22 15:40,0.0,513.0,福島,37.7583,140.47,福島:  0.0mm
403,36151,2019-8-22 15:40,0.0,508.0,相馬,37.7833,140.925,相馬:  0.0mm
404,36176,2019-8-22 15:40,0.5,514.0,喜多方,37.6583,139.8633,喜多方:  0.5mm
405,36196,2019-8-22 15:40,0.0,541.0,鷲倉,37.6683,140.26,鷲倉:  0.0mm
406,36221,2019-8-22 15:40,0.0,543.0,飯舘,37.695,140.7467,飯舘:  0.0mm
407,36231,2019-8-22 15:40,0.0,516.0,原町,37.6383,140.985,原町:  0.0mm
408,36251,2019-8-22 15:40,0.0,539.0,西会津,37.5883,139.6567,西会津:  0.0mm
409,36276,2019-8-22 15:40,0.0,518.0,猪苗代,37.555,140.1217,猪苗代:  0.0mm
410,36291,2019-8-22 15:40,0.0,519.0,二本松,37.5833,140.43,二本松:  0.0mm
411,36307,2019-8-22 15:40,0.0,544.0,津島,37.56,140.7533,津島:  0.0mm
412,36342,2019-8-22 15:40,0.0,540.0,金山,37.4733,139.5283,金山:  0.0mm
413,36361,2019-8-22 15:40,0.0,521.0,若松,37.4883,139.91,若松:  0.0mm
414,36391,2019-8-22 15:40,0.0,522.0,船引,37.435,140.5767,船引:  0.0mm
415,36411,2019-8-22 15:40,0.0,504.0,浪江,37.4917,140.965,浪江:  0.0mm
416,36426,2019-8-22 15:40,0.0,524.0,只見,37.3433,139.3133,只見:  0.0mm
417,36461,2019-8-22 15:40,1.0,554.0,湖南,37.3883,140.09,湖南:  1.0mm
418,36476,2019-8-22 15:40,0.0,509.0,郡山,37.3683,140.33,郡山:  0.0mm
419,36501,2019-8-22 15:40,0.0,507.0,川内,37.3367,140.8083,川内:  0.0mm
420,36511,2019-8-22 15:40,0.0,526.0,富岡,37.3467,141.0167,富岡:  0.0mm
421,36536,2019-8-22 15:40,0.5,527.0,南郷,37.265,139.5367,南郷:  0.5mm
422,36562,2019-8-22 15:40,0.5,550.0,湯本,37.2767,140.0633,湯本:  0.5mm
423,36571,2019-8-22 15:40,0.0,545.0,長沼,37.2883,140.2183,長沼:  0.0mm
424,36581,2019-8-22 15:40,0.0,555.0,玉川,37.2267,140.4267,玉川:  0.0mm
425,36591,2019-8-22 15:40,0.0,505.0,小野新町,37.2867,140.625,小野新町:  0.0mm
426,36597,2019-8-22 15:40,0.0,,,,,nan:  0.0mm
427,36611,2019-8-22 15:40,0.0,506.0,広野,37.2333,141.0,広野:  0.0mm
428,36641,2019-8-22 15:40,0.5,529.0,田島,37.2067,139.795,田島:  0.5mm
429,36667,2019-8-22 15:40,0.0,531.0,白河,37.1317,140.215,白河:  0.0mm
430,36676,2019-8-22 15:40,0.0,532.0,石川,37.1467,140.46,石川:  0.0mm
431,36716,2019-8-22 15:40,0.5,551.0,桧枝岐,37.0233,139.3867,桧枝岐:  0.5mm
432,36726,2019-8-22 15:40,0.5,546.0,舘岩,37.0917,139.5317,舘岩:  0.5mm
433,36766,2019-8-22 15:40,0.0,558.0,古殿,37.09,140.56,古殿:  0.0mm
434,36781,2019-8-22 15:40,0.0,535.0,平,37.065,140.8767,平:  0.0mm
435,36821,2019-8-22 15:40,0.0,537.0,東白川,36.9383,140.4083,東白川:  0.0mm
436,36836,2019-8-22 15:40,0.0,556.0,山田,36.9333,140.7333,山田:  0.0mm
437,36846,2019-8-22 15:40,0.0,538.0,小名浜,36.9467,140.9033,小名浜:  0.0mm
438,40041,2019-8-22 15:40,0.5,559.0,花園,36.8683,140.6367,花園:  0.5mm
439,40046,2019-8-22 15:40,0.0,560.0,北茨城,36.8333,140.7717,北茨城:  0.0mm
440,40061,2019-8-22 15:40,0.5,561.0,大子,36.7783,140.345,大子:  0.5mm
441,40066,2019-8-22 15:40,0.0,578.0,徳田,36.7783,140.4817,徳田:  0.0mm
442,40076,2019-8-22 15:40,0.0,582.0,大能,36.7433,140.5917,大能:  0.0mm
443,40091,2019-8-22 15:40,0.0,580.0,常陸大宮,36.6067,140.325,常陸大宮:  0.0mm
444,40126,2019-8-22 15:40,0.0,577.0,中野,36.515,140.4733,中野:  0.0mm
445,40136,2019-8-22 15:40,0.0,572.0,日立,36.5983,140.65,日立:  0.0mm
446,40181,2019-8-22 15:40,0.0,581.0,門井,36.3333,140.0333,門井:  0.0mm
447,40191,2019-8-22 15:40,0.0,563.0,笠間,36.3833,140.2367,笠間:  0.0mm
448,40201,2019-8-22 15:40,0.0,564.0,水戸,36.38,140.4667,水戸:  0.0mm
449,40221,2019-8-22 15:40,0.0,565.0,古河,36.2017,139.7167,古河:  0.0mm
450,40231,2019-8-22 15:40,0.0,584.0,下館,36.2817,139.9883,下館:  0.0mm
451,40241,2019-8-22 15:40,0.0,573.0,柿岡,36.2333,140.1883,柿岡:  0.0mm
452,40251,2019-8-22 15:40,0.0,574.0,美野里,36.2367,140.325,美野里:  0.0mm
453,40281,2019-8-22 15:40,0.0,567.0,下妻,36.1683,139.945,下妻:  0.0mm
454,40311,2019-8-22 15:40,0.0,579.0,鉾田,36.1683,140.5267,鉾田:  0.0mm
455,40326,2019-8-22 15:40,0.0,568.0,坂東,36.035,139.8933,坂東:  0.0mm
456,40336,2019-8-22 15:40,0.0,583.0,つくば(館野),36.0567,140.125,つくば(館野):  0.0mm
457,40341,2019-8-22 15:40,0.0,569.0,土浦,36.1033,140.22,土浦:  0.0mm
458,40391,2019-8-22 15:40,0.0,571.0,江戸崎,35.96,140.32,江戸崎:  0.0mm
459,40406,2019-8-22 15:40,0.0,570.0,鹿嶋,35.9633,140.6217,鹿嶋:  0.0mm
460,40426,2019-8-22 15:40,0.0,575.0,龍ケ崎,35.89,140.2117,龍ケ崎:  0.0mm
461,41011,2019-8-22 15:40,0.0,586.0,那須,37.1233,140.035,那須:  0.0mm
462,41076,2019-8-22 15:40,1.0,602.0,五十里,36.9217,139.695,五十里:  1.0mm
463,41091,2019-8-22 15:40,1.0,589.0,黒磯,36.9817,140.0183,黒磯:  1.0mm
464,41116,2019-8-22 15:40,0.5,606.0,土呂部,36.8933,139.5683,土呂部:  0.5mm
465,41141,2019-8-22 15:40,1.0,591.0,大田原,36.84,140.035,大田原:  1.0mm
466,41166,2019-8-22 15:40,0.0,592.0,奥日光(日光),36.7383,139.5,奥日光(日光):  0.0mm
467,41171,2019-8-22 15:40,0.0,607.0,今市,36.7267,139.6767,今市:  0.0mm
468,41181,2019-8-22 15:40,0.0,608.0,塩谷,36.7567,139.8833,塩谷:  0.0mm
469,41211,2019-8-22 15:40,0.0,603.0,足尾,36.6467,139.4483,足尾:  0.0mm
470,41241,2019-8-22 15:40,0.0,594.0,高根沢,36.6067,139.9983,高根沢:  0.0mm
471,41247,2019-8-22 15:40,0.0,609.0,那須烏山,36.6417,140.1167,那須烏山:  0.0mm
472,41271,2019-8-22 15:40,0.0,595.0,鹿沼,36.5917,139.735,鹿沼:  0.0mm
473,41277,2019-8-22 15:40,0.0,596.0,宇都宮,36.5483,139.8683,宇都宮:  0.0mm
474,41311,2019-8-22 15:40,0.0,597.0,葛生,36.4333,139.59,葛生:  0.0mm
475,41331,2019-8-22 15:40,0.0,598.0,真岡,36.4783,139.9867,真岡:  0.0mm
476,41356,2019-8-22 15:40,0.0,599.0,足利,36.3017,139.4733,足利:  0.0mm
477,41361,2019-8-22 15:40,0.0,605.0,佐野,36.3633,139.57,佐野:  0.0mm
478,41371,2019-8-22 15:40,0.0,600.0,栃木,36.3733,139.7033,栃木:  0.0mm
479,41376,2019-8-22 15:40,0.0,601.0,小山,36.3383,139.83,小山:  0.0mm
480,42046,2019-8-22 15:40,0.5,630.0,藤原,36.8633,139.0583,藤原:  0.5mm
481,42091,2019-8-22 15:40,0.5,626.0,みなかみ,36.8,138.9917,みなかみ:  0.5mm
482,42106,2019-8-22 15:40,0.5,629.0,片品,36.7717,139.2383,片品:  0.5mm
483,42121,2019-8-22 15:40,5.0,611.0,草津,36.6167,138.5917,草津:  5.0mm
484,42146,2019-8-22 15:40,0.5,614.0,沼田,36.6533,139.06,沼田:  0.5mm
485,42186,2019-8-22 15:40,3.0,627.0,中之条,36.5867,138.85,中之条:  3.0mm
486,42221,2019-8-22 15:40,0.0,616.0,田代,36.4633,138.4633,田代:  0.0mm
487,42241,2019-8-22 15:40,1.5,617.0,榛名山,36.4717,138.8733,榛名山:  1.5mm
488,42251,2019-8-22 15:40,1.0,618.0,前橋,36.405,139.06,前橋:  1.0mm
489,42261,2019-8-22 15:40,1.0,632.0,黒保根,36.5017,139.2833,黒保根:  1.0mm
490,42266,2019-8-22 15:40,0.0,619.0,桐生,36.3833,139.345,桐生:  0.0mm
491,42286,2019-8-22 15:40,8.0,621.0,上里見,36.3767,138.895,上里見:  8.0mm
492,42302,2019-8-22 15:40,0.0,628.0,伊勢崎,36.3317,139.165,伊勢崎:  0.0mm
493,42326,2019-8-22 15:40,0.0,622.0,西野牧,36.245,138.7067,西野牧:  0.0mm
494,42341,2019-8-22 15:40,0.0,623.0,藤岡,36.25,139.0733,藤岡:  0.0mm
495,42366,2019-8-22 15:40,0.0,624.0,館林,36.2333,139.5317,館林:  0.0mm
496,42396,2019-8-22 15:40,0.0,631.0,神流,36.1083,138.8967,神流:  0.0mm
497,43051,2019-8-22 15:40,0.0,642.0,寄居,36.105,139.1833,寄居:  0.0mm
498,43056,2019-8-22 15:40,0.0,634.0,熊谷,36.15,139.38,熊谷:  0.0mm
499,43091,2019-8-22 15:40,0.0,646.0,上吉田,36.0533,138.98,上吉田:  0.0mm
500,43121,2019-8-22 15:40,0.0,643.0,鴻巣,36.065,139.5217,鴻巣:  0.0mm
501,43126,2019-8-22 15:40,0.0,635.0,久喜,36.0867,139.635,久喜:  0.0mm
502,43151,2019-8-22 15:40,0.0,641.0,三峰,35.9267,138.9233,三峰:  0.0mm
503,43156,2019-8-22 15:40,0.0,636.0,秩父,35.99,139.0733,秩父:  0.0mm
504,43157,2019-8-22 15:40,0.0,645.0,浦山,35.92,139.07,浦山:  0.0mm
505,43162,2019-8-22 15:40,0.0,648.0,ときがわ,35.99,139.2067,ときがわ:  0.0mm
506,43171,2019-8-22 15:40,0.0,647.0,鳩山,35.985,139.335,鳩山:  0.0mm
507,43231,2019-8-22 15:40,0.0,638.0,飯能,35.8383,139.3217,飯能:  0.0mm
508,43241,2019-8-22 15:40,0.0,639.0,さいたま,35.875,139.5867,さいたま:  0.0mm
509,43256,2019-8-22 15:40,0.0,640.0,越谷,35.8833,139.7567,越谷:  0.0mm
510,43266,2019-8-22 15:40,0.0,644.0,所沢,35.7733,139.4133,所沢:  0.0mm
511,44046,2019-8-22 15:40,0.0,649.0,小河内,35.7917,139.05,小河内:  0.0mm
512,44051,2019-8-22 15:40,0.0,663.0,小沢,35.735,139.1233,小沢:  0.0mm
513,44056,2019-8-22 15:40,0.0,659.0,青梅,35.7883,139.3117,青梅:  0.0mm
514,44071,2019-8-22 15:40,0.0,,,,,nan:  0.0mm
515,44112,2019-8-22 15:40,0.0,650.0,八王子,35.6667,139.3167,八王子:  0.0mm
516,44116,2019-8-22 15:40,0.0,661.0,府中,35.6833,139.4817,府中:  0.0mm
517,44126,2019-8-22 15:40,0.0,652.0,世田谷,35.6267,139.62,世田谷:  0.0mm
518,44132,2019-8-22 15:40,0.0,653.0,東京,35.69,139.76,東京:  0.0mm
519,44166,2019-8-22 15:40,0.0,655.0,羽田,35.5533,139.78,羽田:  0.0mm
520,44172,2019-8-22 15:40,0.0,656.0,大島,34.7483,139.3617,大島:  0.0mm
521,44173,2019-8-22 15:40,0.0,665.0,大島北ノ山,34.7817,139.36,大島北ノ山:  0.0mm
522,44191,2019-8-22 15:40,0.0,,,,,nan:  0.0mm
523,44207,2019-8-22 15:40,0.0,670.0,新島,34.3683,139.2683,新島:  0.0mm
524,44216,2019-8-22 15:40,0.0,671.0,神津島,34.1883,139.1333,神津島:  0.0mm
525,44226,2019-8-22 15:40,0.0,657.0,三宅島,34.1233,139.5217,三宅島:  0.0mm
526,44228,2019-8-22 15:40,0.0,668.0,三宅坪田,34.0733,139.56,三宅坪田:  0.0mm
527,44262,2019-8-22 15:40,0.0,666.0,八重見ヶ原,33.115,139.785,八重見ヶ原:  0.0mm
528,44263,2019-8-22 15:40,0.0,658.0,八丈島,33.1217,139.7783,八丈島:  0.0mm
529,44281,2019-8-22 15:40,0.0,,,,,nan:  0.0mm
530,44301,2019-8-22 15:40,0.0,664.0,父島,27.0917,142.19,父島:  0.0mm
531,44316,2019-8-22 15:40,0.0,674.0,母島,26.635,142.1617,母島:  0.0mm
532,45061,2019-8-22 15:40,0.0,676.0,我孫子,35.8633,140.11,我孫子:  0.0mm
533,45081,2019-8-22 15:40,0.0,675.0,香取,35.8583,140.5017,香取:  0.0mm
534,45086,2019-8-22 15:40,0.0,677.0,東庄,35.8217,140.685,東庄:  0.0mm
535,45106,2019-8-22 15:40,0.0,690.0,船橋,35.7117,140.0433,船橋:  0.0mm
536,45116,2019-8-22 15:40,0.0,687.0,佐倉,35.7283,140.2117,佐倉:  0.0mm
537,45121,2019-8-22 15:40,0.0,678.0,成田,35.7633,140.385,成田:  0.0mm
538,45147,2019-8-22 15:40,0.0,679.0,銚子,35.7383,140.8567,銚子:  0.0mm
539,45181,2019-8-22 15:40,0.0,688.0,横芝光,35.6567,140.48,横芝光:  0.0mm
540,45212,2019-8-22 15:40,0.0,680.0,千葉,35.6017,140.1033,千葉:  0.0mm
541,45261,2019-8-22 15:40,0.0,681.0,茂原,35.4167,140.31,茂原:  0.0mm
542,45282,2019-8-22 15:40,0.0,682.0,木更津,35.3617,139.94,木更津:  0.0mm
543,45291,2019-8-22 15:40,0.0,691.0,牛久,35.3967,140.1483,牛久:  0.0mm
544,45326,2019-8-22 15:40,0.0,692.0,坂畑,35.235,140.0983,坂畑:  0.0mm
545,45331,2019-8-22 15:40,0.0,689.0,大多喜,35.2517,140.215,大多喜:  0.0mm
546,45346,2019-8-22 15:40,0.0,683.0,鋸南,35.1217,139.8367,鋸南:  0.0mm
547,45361,2019-8-22 15:40,0.0,684.0,鴨川,35.1117,140.1,鴨川:  0.0mm
548,45371,2019-8-22 15:40,0.0,685.0,勝浦,35.15,140.3117,勝浦:  0.0mm
549,45401,2019-8-22 15:40,0.0,686.0,館山,34.9867,139.865,館山:  0.0mm
550,46001,2019-8-22 15:40,0.0,693.0,相模湖,35.6133,139.1933,相模湖:  0.0mm
551,46046,2019-8-22 15:40,0.0,699.0,相模原中央,35.5717,139.37,相模原中央:  0.0mm
552,46061,2019-8-22 15:40,0.0,700.0,日吉,35.5517,139.65,日吉:  0.0mm
553,46076,2019-8-22 15:40,0.0,703.0,丹沢湖,35.41,139.0433,丹沢湖:  0.0mm
554,46091,2019-8-22 15:40,0.0,694.0,海老名,35.4333,139.3867,海老名:  0.0mm
555,46106,2019-8-22 15:40,0.0,695.0,横浜,35.4383,139.6517,横浜:  0.0mm
556,46136,2019-8-22 15:40,0.0,701.0,平塚,35.345,139.305,平塚:  0.0mm
557,46141,2019-8-22 15:40,0.0,704.0,辻堂,35.32,139.45,辻堂:  0.0mm
558,46161,2019-8-22 15:40,0.0,696.0,箱根,35.2217,139.0417,箱根:  0.0mm
559,46166,2019-8-22 15:40,0.0,702.0,小田原,35.2767,139.155,小田原:  0.0mm
560,46211,2019-8-22 15:40,0.0,698.0,三浦,35.1783,139.63,三浦:  0.0mm
561,48031,2019-8-22 15:40,0.0,705.0,野沢温泉,36.9117,138.4417,野沢温泉:  0.0mm
562,48061,2019-8-22 15:40,0.0,706.0,信濃町,36.8083,138.1983,信濃町:  0.0mm
563,48066,2019-8-22 15:40,0.0,707.0,飯山,36.875,138.375,飯山:  0.0mm
564,48097,2019-8-22 15:40,0.0,759.0,小谷,36.8217,137.93,小谷:  0.0mm
565,48141,2019-8-22 15:40,0.0,708.0,白馬,36.6983,137.8617,白馬:  0.0mm
566,48146,2019-8-22 15:40,0.0,746.0,鬼無里,36.6883,137.965,鬼無里:  0.0mm
567,48156,2019-8-22 15:40,0.0,709.0,長野,36.6617,138.1917,長野:  0.0mm
568,48172,2019-8-22 15:40,1.0,710.0,笠岳,36.6667,138.4567,笠岳:  1.0mm
569,48191,2019-8-22 15:40,0.0,711.0,大町,36.5233,137.8333,大町:  0.0mm
570,48196,2019-8-22 15:40,0.5,712.0,信州新町,36.5483,137.9967,信州新町:  0.5mm
571,48216,2019-8-22 15:40,0.5,741.0,菅平,36.5317,138.325,菅平:  0.5mm
572,48247,2019-8-22 15:40,0.0,754.0,聖高原,36.4867,138.0683,聖高原:  0.0mm
573,48256,2019-8-22 15:40,0.0,714.0,上田,36.4,138.265,上田:  0.0mm
574,48296,2019-8-22 15:40,0.0,716.0,穂高,36.3433,137.8817,穂高:  0.0mm
575,48321,2019-8-22 15:40,0.0,742.0,東御,36.3833,138.3833,東御:  0.0mm
576,48331,2019-8-22 15:40,0.0,717.0,軽井沢,36.3417,138.5467,軽井沢:  0.0mm
577,48346,2019-8-22 15:40,0.0,743.0,上高地,36.2467,137.6333,上高地:  0.0mm
578,48361,2019-8-22 15:40,0.0,718.0,松本,36.245,137.97,松本:  0.0mm
579,48363,2019-8-22 15:40,0.0,761.0,松本今井,36.1667,137.9217,松本今井:  0.0mm
580,48371,2019-8-22 15:40,0.0,719.0,鹿教湯,36.3017,138.1367,鹿教湯:  0.0mm
581,48381,2019-8-22 15:40,0.0,747.0,立科,36.2717,138.3133,立科:  0.0mm
582,48386,2019-8-22 15:40,0.0,720.0,佐久,36.2467,138.4767,佐久:  0.0mm
583,48436,2019-8-22 15:40,0.0,763.0,白樺湖,36.105,138.2283,白樺湖:  0.0mm
584,48466,2019-8-22 15:40,0.0,748.0,奈川,36.0883,137.6833,奈川:  0.0mm
585,48491,2019-8-22 15:40,0.0,723.0,諏訪,36.045,138.1083,諏訪:  0.0mm
586,48516,2019-8-22 15:40,0.0,762.0,北相木,36.0717,138.6117,北相木:  0.0mm
587,48531,2019-8-22 15:40,0.0,749.0,開田高原,35.9383,137.6017,開田高原:  0.0mm
588,48541,2019-8-22 15:40,0.5,725.0,木曽平沢,35.9833,137.835,木曽平沢:  0.5mm
589,48546,2019-8-22 15:40,0.0,751.0,辰野,35.9817,137.9833,辰野:  0.0mm
590,48556,2019-8-22 15:40,0.0,764.0,高遠,35.9533,138.1083,高遠:  0.0mm
591,48561,2019-8-22 15:40,0.0,726.0,原村,35.97,138.22,原村:  0.0mm
592,48571,2019-8-22 15:40,0.5,727.0,野辺山,35.9483,138.4717,野辺山:  0.5mm
593,48601,2019-8-22 15:40,0.0,728.0,御嶽山,35.8717,137.5033,御嶽山:  0.0mm
594,48606,2019-8-22 15:40,0.0,729.0,木曽福島,35.84,137.6883,木曽福島:  0.0mm
595,48621,2019-8-22 15:40,0.0,760.0,伊那,35.8267,137.955,伊那:  0.0mm
596,48681,2019-8-22 15:40,0.0,732.0,宮田高原,35.7733,137.885,宮田高原:  0.0mm
597,48691,2019-8-22 15:40,0.0,757.0,杉島,35.7267,138.0933,杉島:  0.0mm
598,48716,2019-8-22 15:40,0.0,734.0,須原,35.6983,137.6917,須原:  0.0mm
599,48717,2019-8-22 15:40,2.0,744.0,南木曽,35.61,137.62,南木曽:  2.0mm
600,48731,2019-8-22 15:40,0.0,736.0,飯島,35.6533,137.8983,飯島:  0.0mm
601,48737,2019-8-22 15:40,0.0,756.0,大鹿,35.5567,138.04,大鹿:  0.0mm
602,48767,2019-8-22 15:40,0.0,738.0,飯田,35.5233,137.8217,飯田:  0.0mm
603,48826,2019-8-22 15:40,0.0,750.0,浪合,35.3733,137.6917,浪合:  0.0mm
604,48836,2019-8-22 15:40,0.0,753.0,阿南,35.3133,137.8117,阿南:  0.0mm
605,48841,2019-8-22 15:40,0.0,752.0,南信濃,35.3217,137.9317,南信濃:  0.0mm
606,49036,2019-8-22 15:40,0.0,777.0,大泉,35.8617,138.3867,大泉:  0.0mm
607,49052,2019-8-22 15:40,0.0,782.0,乙女湖,35.8067,138.655,乙女湖:  0.0mm
608,49086,2019-8-22 15:40,0.0,778.0,韮崎,35.6933,138.4483,韮崎:  0.0mm
609,49142,2019-8-22 15:40,0.0,769.0,甲府,35.6667,138.5533,甲府:  0.0mm
610,49151,2019-8-22 15:40,0.0,770.0,勝沼,35.6633,138.725,勝沼:  0.0mm
611,49161,2019-8-22 15:40,0.0,771.0,大月,35.6083,138.9383,大月:  0.0mm
612,49172,2019-8-22 15:40,0.0,,,,,nan:  0.0mm
613,49187,2019-8-22 15:40,0.0,,,,,nan:  0.0mm
614,49196,2019-8-22 15:40,0.0,773.0,古関,35.5283,138.615,古関:  0.0mm
615,49236,2019-8-22 15:40,0.0,780.0,切石,35.4667,138.4417,切石:  0.0mm
616,49251,2019-8-22 15:40,0.0,774.0,河口湖,35.5,138.76,河口湖:  0.0mm
617,49256,2019-8-22 15:40,0.0,775.0,山中,35.4367,138.8367,山中:  0.0mm
618,49316,2019-8-22 15:40,0.0,776.0,南部,35.2883,138.445,南部:  0.0mm
619,50056,2019-8-22 15:40,0.0,783.0,白糸,35.3117,138.5783,白糸:  0.0mm
620,50106,2019-8-22 15:40,0.0,813.0,井川,35.2167,138.2217,井川:  0.0mm
621,50111,2019-8-22 15:40,0.0,809.0,梅ケ島,35.2367,138.3417,梅ケ島:  0.0mm
622,50136,2019-8-22 15:40,0.0,784.0,御殿場,35.305,138.9267,御殿場:  0.0mm
623,50196,2019-8-22 15:40,0.0,785.0,富士,35.185,138.6633,富士:  0.0mm
624,50206,2019-8-22 15:40,0.0,786.0,三島,35.1133,138.925,三島:  0.0mm
625,50226,2019-8-22 15:40,0.0,803.0,佐久間,35.0567,137.7617,佐久間:  0.0mm
626,50232,2019-8-22 15:40,0.0,,,,,nan:  0.0mm
627,50241,2019-8-22 15:40,0.0,788.0,川根本町,35.1017,138.1283,川根本町:  0.0mm
628,50247,2019-8-22 15:40,0.0,815.0,鍵穴,35.0483,138.2467,鍵穴:  0.0mm
629,50261,2019-8-22 15:40,0.0,810.0,清水,35.0533,138.5217,清水:  0.0mm
630,50281,2019-8-22 15:40,0.0,790.0,網代,35.045,139.0917,網代:  0.0mm
631,50296,2019-8-22 15:40,0.0,807.0,熊,34.9583,137.7333,熊:  0.0mm
632,50317,2019-8-22 15:40,0.0,791.0,高根山,34.975,138.1967,高根山:  0.0mm
633,50331,2019-8-22 15:40,0.0,792.0,静岡,34.975,138.4033,静岡:  0.0mm
634,50371,2019-8-22 15:40,0.0,805.0,三ヶ日,34.8017,137.5567,三ヶ日:  0.0mm
635,50386,2019-8-22 15:40,0.0,794.0,天竜,34.89,137.8133,天竜:  0.0mm
636,50391,2019-8-22 15:40,0.0,814.0,三倉,34.895,137.94,三倉:  0.0mm
637,50416,2019-8-22 15:40,0.0,804.0,土肥,34.8767,138.76,土肥:  0.0mm
638,50426,2019-8-22 15:40,0.0,796.0,湯ケ島,34.9,138.925,湯ケ島:  0.0mm
639,50427,2019-8-22 15:40,0.0,797.0,天城山,34.8717,139.0233,天城山:  0.0mm
640,50456,2019-8-22 15:40,0.0,798.0,浜松,34.7083,137.7183,浜松:  0.0mm
641,50466,2019-8-22 15:40,0.0,806.0,掛川,34.78,137.9667,掛川:  0.0mm
642,50476,2019-8-22 15:40,0.0,812.0,菊川牧之原,34.785,138.1383,菊川牧之原:  0.0mm
643,50477,2019-8-22 15:40,0.0,817.0,静岡空港,34.795,138.1883,静岡空港:  0.0mm
644,50491,2019-8-22 15:40,0.0,799.0,松崎,34.755,138.7833,松崎:  0.0mm
645,50506,2019-8-22 15:40,0.0,800.0,稲取,34.7817,139.0483,稲取:  0.0mm
646,50536,2019-8-22 15:40,0.0,811.0,磐田,34.6917,137.88,磐田:  0.0mm
647,50551,2019-8-22 15:40,0.0,801.0,御前崎,34.6033,138.2117,御前崎:  0.0mm
648,50561,2019-8-22 15:40,0.0,802.0,石廊崎,34.6033,138.8417,石廊崎:  0.0mm
649,51011,2019-8-22 15:40,0.0,818.0,一宮,35.2983,136.8533,一宮:  0.0mm
650,51031,2019-8-22 15:40,0.0,837.0,愛西,35.2167,136.6983,愛西:  0.0mm
651,51056,2019-8-22 15:40,0.0,834.0,小原,35.2283,137.285,小原:  0.0mm
652,51071,2019-8-22 15:40,0.0,831.0,稲武,35.2117,137.5067,稲武:  0.0mm
653,51077,2019-8-22 15:40,0.0,820.0,茶臼山,35.22,137.6583,茶臼山:  0.0mm
654,51096,2019-8-22 15:40,0.0,832.0,蟹江,35.1367,136.7917,蟹江:  0.0mm
655,51106,2019-8-22 15:40,0.0,821.0,名古屋,35.1667,136.965,名古屋:  0.0mm
656,51116,2019-8-22 15:40,0.0,822.0,豊田,35.1317,137.1767,豊田:  0.0mm
657,51192,2019-8-22 15:40,0.0,840.0,阿蔵,35.0783,137.4133,阿蔵:  0.0mm
658,51216,2019-8-22 15:40,0.0,,,,,nan:  0.0mm
659,51226,2019-8-22 15:40,0.0,825.0,岡崎,34.9183,137.1933,岡崎:  0.0mm
660,51241,2019-8-22 15:40,0.0,826.0,作手,34.9767,137.425,作手:  0.0mm
661,51247,2019-8-22 15:40,0.0,838.0,新城,34.9067,137.5167,新城:  0.0mm
662,51261,2019-8-22 15:40,0.0,839.0,セントレア,34.8583,136.805,セントレア:  0.0mm
663,51271,2019-8-22 15:40,0.0,827.0,一色,34.8117,137.0283,一色:  0.0mm
664,51281,2019-8-22 15:40,0.0,836.0,蒲郡,34.845,137.2167,蒲郡:  0.0mm
665,51311,2019-8-22 15:40,0.0,833.0,南知多,34.74,136.9383,南知多:  0.0mm
666,51331,2019-8-22 15:40,0.0,828.0,豊橋,34.75,137.3417,豊橋:  0.0mm
667,51346,2019-8-22 15:40,0.0,829.0,伊良湖,34.6283,137.0933,伊良湖:  0.0mm
668,51356,2019-8-22 15:40,0.0,830.0,田原,34.6267,137.2217,田原:  0.0mm
669,52041,2019-8-22 15:40,0.0,877.0,河合,36.305,137.1,河合:  0.0mm
670,52051,2019-8-22 15:40,0.0,841.0,神岡,36.3217,137.3083,神岡:  0.0mm
671,52081,2019-8-22 15:40,0.0,876.0,白川,36.2733,136.8967,白川:  0.0mm
672,52111,2019-8-22 15:40,0.0,870.0,栃尾,36.2483,137.5033,栃尾:  0.0mm
673,52131,2019-8-22 15:40,0.0,882.0,御母衣,36.1467,136.9083,御母衣:  0.0mm
674,52137,2019-8-22 15:40,0.0,886.0,清見,36.18,137.045,清見:  0.0mm
675,52146,2019-8-22 15:40,0.0,844.0,高山,36.155,137.2533,高山:  0.0mm
676,52152,2019-8-22 15:40,0.0,887.0,丹生川,36.1883,137.3717,丹生川:  0.0mm
677,52173,2019-8-22 15:40,0.0,885.0,ひるがの,36.01,136.895,ひるがの:  0.0mm
678,52181,2019-8-22 15:40,0.0,875.0,六厩,36.06,137.0333,六厩:  0.0mm
679,52192,2019-8-22 15:40,0.0,848.0,船山,36.035,137.26,船山:  0.0mm
680,52196,2019-8-22 15:40,1.5,878.0,宮之前,36.015,137.3883,宮之前:  1.5mm
681,52221,2019-8-22 15:40,0.0,873.0,長滝,35.925,136.8317,長滝:  0.0mm
682,52286,2019-8-22 15:40,0.0,851.0,萩原,35.8883,137.2067,萩原:  0.0mm
683,52321,2019-8-22 15:40,0.0,888.0,関市板取,35.7233,136.7833,関市板取:  0.0mm
684,52331,2019-8-22 15:40,0.0,853.0,八幡,35.7567,136.9783,八幡:  0.0mm
685,52346,2019-8-22 15:40,0.0,871.0,宮地,35.7633,137.2883,宮地:  0.0mm
686,52381,2019-8-22 15:40,0.0,854.0,樽見,35.6383,136.6033,樽見:  0.0mm
687,52406,2019-8-22 15:40,0.0,855.0,金山,35.6633,137.16,金山:  0.0mm
688,52421,2019-8-22 15:40,0.0,881.0,付知,35.6567,137.4267,付知:  0.0mm
689,52461,2019-8-22 15:40,0.0,867.0,美濃,35.5567,136.91,美濃:  0.0mm
690,52476,2019-8-22 15:40,0.0,858.0,伽藍,35.515,137.23,伽藍:  0.0mm
691,52482,2019-8-22 15:40,0.0,879.0,黒川,35.5983,137.3183,黒川:  0.0mm
692,52511,2019-8-22 15:40,0.0,874.0,揖斐川,35.485,136.5667,揖斐川:  0.0mm
693,52536,2019-8-22 15:40,0.0,859.0,美濃加茂,35.445,137.005,美濃加茂:  0.0mm
694,52556,2019-8-22 15:40,0.0,861.0,恵那,35.4467,137.4033,恵那:  0.0mm
695,52557,2019-8-22 15:40,0.0,862.0,中津川,35.4767,137.4867,中津川:  0.0mm
696,52571,2019-8-22 15:40,0.0,863.0,関ケ原,35.3633,136.4667,関ケ原:  0.0mm
697,52581,2019-8-22 15:40,0.0,864.0,大垣,35.3467,136.62,大垣:  0.0mm
698,52586,2019-8-22 15:40,0.0,865.0,岐阜,35.4,136.7617,岐阜:  0.0mm
699,52606,2019-8-22 15:40,0.0,868.0,多治見,35.3467,137.1083,多治見:  0.0mm
700,52642,2019-8-22 15:40,0.0,,,,,nan:  0.0mm
701,53016,2019-8-22 15:40,0.0,889.0,北勢,35.1433,136.5383,北勢:  0.0mm
702,53041,2019-8-22 15:40,0.0,890.0,桑名,35.05,136.6933,桑名:  0.0mm
703,53061,2019-8-22 15:40,0.5,892.0,四日市,34.94,136.58,四日市:  0.5mm
704,53091,2019-8-22 15:40,0.0,893.0,亀山,34.87,136.4533,亀山:  0.0mm
705,53112,2019-8-22 15:40,0.0,894.0,上野,34.7617,136.1417,上野:  0.0mm
706,53121,2019-8-22 15:40,0.0,895.0,笠取山,34.725,136.3083,笠取山:  0.0mm
707,53133,2019-8-22 15:40,0.0,,,,,nan:  0.0mm
708,53141,2019-8-22 15:40,0.0,897.0,名張,34.635,136.1117,名張:  0.0mm
709,53151,2019-8-22 15:40,0.0,912.0,白山,34.625,136.3217,白山:  0.0mm
710,53196,2019-8-22 15:40,7.5,899.0,小俣,34.5283,136.665,小俣:  7.5mm
711,53231,2019-8-22 15:40,0.0,900.0,粥見,34.4483,136.39,粥見:  0.0mm
712,53257,2019-8-22 15:40,0.0,908.0,鳥羽,34.4817,136.825,鳥羽:  0.0mm
713,53287,2019-8-22 15:40,0.0,901.0,藤坂峠,34.3233,136.4883,藤坂峠:  0.0mm
714,53296,2019-8-22 15:40,0.0,910.0,南伊勢,34.345,136.6817,南伊勢:  0.0mm
715,53307,2019-8-22 15:40,0.0,913.0,阿児,34.3283,136.8317,阿児:  0.0mm
716,53321,2019-8-22 15:40,0.0,909.0,宮川,34.2783,136.2083,宮川:  0.0mm
717,53326,2019-8-22 15:40,0.0,911.0,紀伊長島,34.2083,136.3267,紀伊長島:  0.0mm
718,53378,2019-8-22 15:40,0.0,902.0,尾鷲,34.07,136.1933,尾鷲:  0.0mm
719,53401,2019-8-22 15:40,0.0,915.0,熊野新鹿,33.9317,136.1383,熊野新鹿:  0.0mm
720,53416,2019-8-22 15:40,0.0,914.0,御浜,33.8517,135.98,御浜:  0.0mm
721,54012,2019-8-22 15:40,0.0,,,,,nan:  0.0mm
722,54041,2019-8-22 15:40,0.0,959.0,弾崎,38.33,138.5117,弾崎:  0.0mm
723,54056,2019-8-22 15:40,6.5,956.0,高根,38.33,139.605,高根:  6.5mm
724,54086,2019-8-22 15:40,0.0,916.0,村上,38.2267,139.4783,村上:  0.0mm
725,54097,2019-8-22 15:40,0.0,961.0,三面,38.2467,139.605,三面:  0.0mm
726,54157,2019-8-22 15:40,0.0,918.0,相川,38.0283,138.24,相川:  0.0mm
727,54166,2019-8-22 15:40,0.0,919.0,両津,38.0733,138.44,両津:  0.0mm
728,54167,2019-8-22 15:40,0.0,970.0,秋津,38.06,138.4133,秋津:  0.0mm
729,54181,2019-8-22 15:40,0.5,960.0,中条,38.06,139.4083,中条:  0.5mm
730,54191,2019-8-22 15:40,0.0,951.0,下関,38.0917,139.5633,下関:  0.0mm
731,54232,2019-8-22 15:40,0.0,920.0,新潟,37.9117,139.0467,新潟:  0.0mm
732,54236,2019-8-22 15:40,0.0,969.0,松浜,37.955,139.1117,松浜:  0.0mm
733,54271,2019-8-22 15:40,0.0,948.0,羽茂,37.8417,138.3133,羽茂:  0.0mm
734,54296,2019-8-22 15:40,0.0,922.0,新津,37.7917,139.0867,新津:  0.0mm
735,54301,2019-8-22 15:40,1.5,,,,,nan:  1.5mm
736,54311,2019-8-22 15:40,0.5,953.0,赤谷,37.835,139.415,赤谷:  0.5mm
737,54341,2019-8-22 15:40,0.0,923.0,巻,37.7683,138.9133,巻:  0.0mm
738,54387,2019-8-22 15:40,0.0,925.0,寺泊,37.64,138.7667,寺泊:  0.0mm
739,54396,2019-8-22 15:40,0.0,926.0,三条,37.64,138.955,三条:  0.0mm
740,54406,2019-8-22 15:40,0.0,927.0,村松,37.6967,139.1883,村松:  0.0mm
741,54421,2019-8-22 15:40,0.0,928.0,津川,37.6717,139.4467,津川:  0.0mm
742,54462,2019-8-22 15:40,0.5,964.0,宮寄上,37.58,139.14,宮寄上:  0.5mm
743,54472,2019-8-22 15:40,0.0,968.0,室谷,37.55,139.37,室谷:  0.0mm
744,54501,2019-8-22 15:40,0.5,930.0,長岡,37.45,138.8233,長岡:  0.5mm
745,54506,2019-8-22 15:40,0.0,931.0,栃尾,37.475,138.9917,栃尾:  0.0mm
746,54541,2019-8-22 15:40,0.5,933.0,柏崎,37.3517,138.5533,柏崎:  0.5mm
747,54566,2019-8-22 15:40,0.5,949.0,入広瀬,37.3567,139.0717,入広瀬:  0.5mm
748,54586,2019-8-22 15:40,0.0,958.0,大潟,37.225,138.325,大潟:  0.0mm
749,54606,2019-8-22 15:40,0.0,954.0,小国,37.2917,138.7017,小国:  0.0mm
750,54616,2019-8-22 15:40,0.5,935.0,小出,37.2383,138.9617,小出:  0.5mm
751,54621,2019-8-22 15:40,0.5,962.0,大湯,37.205,139.0617,大湯:  0.5mm
752,54651,2019-8-22 15:40,0.0,936.0,高田,37.1067,138.2467,高田:  0.0mm
753,54661,2019-8-22 15:40,0.0,937.0,安塚,37.1067,138.4567,安塚:  0.0mm
754,54666,2019-8-22 15:40,0.0,966.0,川谷,37.2,138.5167,川谷:  0.0mm
755,54671,2019-8-22 15:40,0.0,955.0,松代,37.1317,138.6067,松代:  0.0mm
756,54676,2019-8-22 15:40,0.5,938.0,十日町,37.1433,138.7267,十日町:  0.5mm
757,54711,2019-8-22 15:40,0.0,940.0,糸魚川,37.0383,137.8617,糸魚川:  0.0mm
758,54721,2019-8-22 15:40,0.0,941.0,能生,37.0833,138.0233,能生:  0.0mm
759,54737,2019-8-22 15:40,0.0,967.0,筒方,37.03,138.3433,筒方:  0.0mm
760,54761,2019-8-22 15:40,0.0,963.0,塩沢,37.0383,138.8467,塩沢:  0.0mm
761,54816,2019-8-22 15:40,0.0,950.0,関山,36.9333,138.2217,関山:  0.0mm
762,54836,2019-8-22 15:40,0.0,944.0,津南,36.9967,138.6833,津南:  0.0mm
763,54841,2019-8-22 15:40,0.0,945.0,湯沢,36.9417,138.81,湯沢:  0.0mm
764,54876,2019-8-22 15:40,0.5,957.0,平岩,36.8867,137.8633,平岩:  0.5mm
765,54892,2019-8-22 15:40,0.0,965.0,樽本,36.89,138.275,樽本:  0.0mm
766,55022,2019-8-22 15:40,0.5,,,,,nan:  0.5mm
767,55041,2019-8-22 15:40,0.5,985.0,氷見,36.8633,136.96,氷見:  0.5mm
768,55056,2019-8-22 15:40,0.5,972.0,魚津,36.8217,137.4283,魚津:  0.5mm
769,55063,2019-8-22 15:40,0.0,986.0,宇奈月,36.8467,137.5567,宇奈月:  0.0mm
770,55091,2019-8-22 15:40,0.5,975.0,伏木,36.7917,137.055,伏木:  0.5mm
771,55102,2019-8-22 15:40,1.5,976.0,富山,36.7083,137.2017,富山:  1.5mm
772,55141,2019-8-22 15:40,1.0,977.0,砺波,36.61,136.955,砺波:  1.0mm
773,55151,2019-8-22 15:40,1.5,991.0,秋ヶ島,36.6483,137.1867,秋ヶ島:  1.5mm
774,55156,2019-8-22 15:40,0.5,988.0,大山,36.6083,137.2833,大山:  0.5mm
775,55166,2019-8-22 15:40,1.0,978.0,上市,36.67,137.4233,上市:  1.0mm
776,55191,2019-8-22 15:40,0.5,979.0,南砺高宮,36.545,136.8717,南砺高宮:  0.5mm
777,55206,2019-8-22 15:40,1.0,980.0,八尾,36.5783,137.1317,八尾:  1.0mm
778,55217,2019-8-22 15:40,0.0,993.0,立山芦峅,36.5767,137.385,立山芦峅:  0.0mm
779,55252,2019-8-22 15:40,0.0,992.0,五箇山,36.43,136.9417,五箇山:  0.0mm
780,55267,2019-8-22 15:40,0.0,990.0,猪谷,36.4733,137.2367,猪谷:  0.0mm
781,56036,2019-8-22 15:40,0.0,994.0,珠洲,37.4467,137.2867,珠洲:  0.0mm
782,56052,2019-8-22 15:40,0.0,995.0,輪島,37.3917,136.895,輪島:  0.0mm
783,56081,2019-8-22 15:40,0.0,996.0,門前,37.2617,136.7283,門前:  0.0mm
784,56093,2019-8-22 15:40,0.5,1010.0,三井,37.2933,136.9617,三井:  0.5mm
785,56116,2019-8-22 15:40,0.5,998.0,志賀,37.1433,136.725,志賀:  0.5mm
786,56146,2019-8-22 15:40,0.0,999.0,七尾,37.03,136.9917,七尾:  0.0mm
787,56176,2019-8-22 15:40,0.5,1000.0,羽咋,36.8933,136.7767,羽咋:  0.5mm
788,56186,2019-8-22 15:40,0.5,1001.0,かほく,36.7117,136.6917,かほく:  0.5mm
789,56192,2019-8-22 15:40,0.0,1011.0,宝達志水,36.7883,136.7683,宝達志水:  0.0mm
790,56227,2019-8-22 15:40,1.0,1003.0,金沢,36.5883,136.6333,金沢:  1.0mm
791,56232,2019-8-22 15:40,0.0,1004.0,医王山,36.52,136.745,医王山:  0.0mm
792,56276,2019-8-22 15:40,0.0,1008.0,小松,36.3817,136.435,小松:  0.0mm
793,56286,2019-8-22 15:40,0.0,1006.0,白山吉野,36.3617,136.6133,白山吉野:  0.0mm
794,56301,2019-8-22 15:40,0.0,1005.0,栢野,36.225,136.3583,栢野:  0.0mm
795,56346,2019-8-22 15:40,0.0,1007.0,白山白峰,36.18,136.625,白山白峰:  0.0mm
796,56401,2019-8-22 15:40,0.0,,,,,nan:  0.0mm
797,57001,2019-8-22 15:40,0.0,1023.0,三国,36.2433,136.1733,三国:  0.0mm
798,57026,2019-8-22 15:40,0.0,1028.0,春江,36.1417,136.2233,春江:  0.0mm
799,57051,2019-8-22 15:40,0.0,1025.0,越廼,36.0117,135.99,越廼:  0.0mm
800,57066,2019-8-22 15:40,0.0,1012.0,福井,36.055,136.2217,福井:  0.0mm
801,57071,2019-8-22 15:40,0.0,1020.0,美山,35.9983,136.3583,美山:  0.0mm
802,57082,2019-8-22 15:40,0.0,1024.0,勝山,36.0383,136.5217,勝山:  0.0mm
803,57106,2019-8-22 15:40,0.5,1029.0,武生,35.9067,136.175,武生:  0.5mm
804,57121,2019-8-22 15:40,0.0,1013.0,大野,35.9717,136.4967,大野:  0.0mm
805,57176,2019-8-22 15:40,0.0,1026.0,九頭竜,35.905,136.67,九頭竜:  0.0mm
806,57206,2019-8-22 15:40,0.0,1017.0,今庄,35.7667,136.2,今庄:  0.0mm
807,57248,2019-8-22 15:40,0.0,1018.0,敦賀,35.6533,136.0617,敦賀:  0.0mm
808,57286,2019-8-22 15:40,0.0,1022.0,美浜,35.6,135.9167,美浜:  0.0mm
809,57311,2019-8-22 15:40,0.0,1027.0,大飯,35.48,135.6167,大飯:  0.0mm
810,57317,2019-8-22 15:40,0.0,1019.0,小浜,35.4833,135.7817,小浜:  0.0mm
811,60026,2019-8-22 15:40,0.0,1042.0,柳ケ瀬,35.5817,136.1883,柳ケ瀬:  0.0mm
812,60051,2019-8-22 15:40,0.0,1030.0,今津,35.4117,136.0283,今津:  0.0mm
813,60061,2019-8-22 15:40,0.0,1040.0,長浜,35.4233,136.2417,長浜:  0.0mm
814,60081,2019-8-22 15:40,0.0,1045.0,朽木平良,35.3083,135.83,朽木平良:  0.0mm
815,60102,2019-8-22 15:40,0.0,1044.0,米原,35.3833,136.3433,米原:  0.0mm
816,60116,2019-8-22 15:40,0.0,1041.0,南小松,35.235,135.9567,南小松:  0.0mm
817,60131,2019-8-22 15:40,0.0,1033.0,彦根,35.275,136.2433,彦根:  0.0mm
818,60161,2019-8-22 15:40,0.0,1034.0,近江八幡,35.1267,136.0967,近江八幡:  0.0mm
819,60196,2019-8-22 15:40,0.0,1038.0,東近江,35.0617,136.19,東近江:  0.0mm
820,60216,2019-8-22 15:40,0.0,1036.0,大津,34.9917,135.9117,大津:  0.0mm
821,60226,2019-8-22 15:40,0.0,1039.0,信楽,34.9133,136.08,信楽:  0.0mm
822,60236,2019-8-22 15:40,0.0,1037.0,土山,34.9383,136.2783,土山:  0.0mm
823,61001,2019-8-22 15:40,0.0,1062.0,間人,35.7367,135.0867,間人:  0.0mm
824,61031,2019-8-22 15:40,0.0,1047.0,峰山,35.6183,135.0717,峰山:  0.0mm
825,61076,2019-8-22 15:40,0.0,1048.0,宮津,35.55,135.235,宮津:  0.0mm
826,61096,2019-8-22 15:40,0.0,,,,,nan:  0.0mm
827,61111,2019-8-22 15:40,0.0,1049.0,舞鶴,35.45,135.3167,舞鶴:  0.0mm
828,61151,2019-8-22 15:40,0.0,1065.0,故屋岡,35.385,135.4567,故屋岡:  0.0mm
829,61187,2019-8-22 15:40,0.0,1052.0,福知山,35.3117,135.1133,福知山:  0.0mm
830,61191,2019-8-22 15:40,0.0,1069.0,綾部,35.2933,135.2583,綾部:  0.0mm
831,61192,2019-8-22 15:40,0.0,1070.0,三和,35.2167,135.2317,三和:  0.0mm
832,61201,2019-8-22 15:40,0.0,1063.0,本庄,35.26,135.395,本庄:  0.0mm
833,61206,2019-8-22 15:40,0.0,1066.0,美山,35.275,135.55,美山:  0.0mm
834,61241,2019-8-22 15:40,0.0,1067.0,須知,35.1767,135.42,須知:  0.0mm
835,61242,2019-8-22 15:40,0.0,1055.0,園部,35.1083,135.455,園部:  0.0mm
836,61251,2019-8-22 15:40,0.0,1061.0,京北,35.18,135.6617,京北:  0.0mm
837,61286,2019-8-22 15:40,0.0,1056.0,京都,35.015,135.7317,京都:  0.0mm
838,61306,2019-8-22 15:40,0.0,1064.0,長岡京,34.93,135.7283,長岡京:  0.0mm
839,61326,2019-8-22 15:40,0.0,1057.0,京田辺,34.83,135.76,京田辺:  0.0mm
840,62016,2019-8-22 15:40,0.0,1071.0,能勢,34.9483,135.455,能勢:  0.0mm
841,62037,2019-8-22 15:40,0.0,1082.0,茨木,34.86,135.56,茨木:  0.0mm
842,62046,2019-8-22 15:40,0.0,1079.0,枚方,34.8083,135.6717,枚方:  0.0mm
843,62051,2019-8-22 15:40,0.0,1073.0,豊中,34.7833,135.4383,豊中:  0.0mm
844,62078,2019-8-22 15:40,0.0,1074.0,大阪,34.6817,135.5183,大阪:  0.0mm
845,62081,2019-8-22 15:40,0.0,1075.0,生駒山,34.675,135.6767,生駒山:  0.0mm
846,62091,2019-8-22 15:40,0.0,1078.0,堺,34.555,135.485,堺:  0.0mm
847,62096,2019-8-22 15:40,0.0,1080.0,八尾,34.5967,135.6,八尾:  0.0mm
848,62101,2019-8-22 15:40,0.0,1081.0,関空島,34.4333,135.2317,関空島:  0.0mm
849,62111,2019-8-22 15:40,0.0,1076.0,河内長野,34.4233,135.5433,河内長野:  0.0mm
850,62131,2019-8-22 15:40,0.0,1077.0,熊取,34.385,135.35,熊取:  0.0mm
851,63016,2019-8-22 15:40,0.0,1083.0,香住,35.625,134.6267,香住:  0.0mm
852,63032,2019-8-22 15:40,0.0,1084.0,温泉,35.5283,134.48,温泉:  0.0mm
853,63051,2019-8-22 15:40,0.0,1086.0,豊岡,35.535,134.8217,豊岡:  0.0mm
854,63071,2019-8-22 15:40,0.0,1110.0,兎和野高原,35.4317,134.5833,兎和野高原:  0.0mm
855,63111,2019-8-22 15:40,0.0,1106.0,大屋,35.3317,134.665,大屋:  0.0mm
856,63116,2019-8-22 15:40,0.0,1087.0,八鹿,35.3983,134.74,八鹿:  0.0mm
857,63121,2019-8-22 15:40,0.0,1088.0,和田山,35.3233,134.8483,和田山:  0.0mm
858,63201,2019-8-22 15:40,0.0,1089.0,生野,35.1667,134.7917,生野:  0.0mm
859,63216,2019-8-22 15:40,0.0,1090.0,柏原,35.1483,135.0467,柏原:  0.0mm
860,63241,2019-8-22 15:40,0.0,1093.0,佐用,35.0167,134.3683,佐用:  0.0mm
861,63251,2019-8-22 15:40,0.0,1091.0,一宮,35.0967,134.585,一宮:  0.0mm
862,63321,2019-8-22 15:40,0.0,1107.0,福崎,34.95,134.7483,福崎:  0.0mm
863,63331,2019-8-22 15:40,0.0,1105.0,西脇,34.9983,134.9967,西脇:  0.0mm
864,63346,2019-8-22 15:40,0.0,1094.0,後川,35.025,135.2933,後川:  0.0mm
865,63366,2019-8-22 15:40,0.0,1095.0,上郡,34.8583,134.3733,上郡:  0.0mm
866,63383,2019-8-22 15:40,0.0,1097.0,姫路,34.8383,134.67,姫路:  0.0mm
867,63411,2019-8-22 15:40,0.0,1108.0,三田,34.895,135.2117,三田:  0.0mm
868,63461,2019-8-22 15:40,0.0,1111.0,三木,34.7767,135.0133,三木:  0.0mm
869,63477,2019-8-22 15:40,0.0,1117.0,西宮,34.75,135.335,西宮:  0.0mm
870,63491,2019-8-22 15:40,0.0,1100.0,家島,34.6717,134.5267,家島:  0.0mm
871,63496,2019-8-22 15:40,0.0,1101.0,明石,34.6867,134.8767,明石:  0.0mm
872,63517,2019-8-22 15:40,0.0,1116.0,神戸空港,34.6317,135.2233,神戸空港:  0.0mm
873,63518,2019-8-22 15:40,0.0,1102.0,神戸,34.6967,135.2117,神戸:  0.0mm
874,63551,2019-8-22 15:40,0.0,1109.0,郡家,34.4667,134.8483,郡家:  0.0mm
875,63571,2019-8-22 15:40,0.0,,,,,nan:  0.0mm
876,63588,2019-8-22 15:40,0.0,1112.0,南淡,34.2183,134.72,南淡:  0.0mm
877,64036,2019-8-22 15:40,0.0,1118.0,奈良,34.6933,135.8267,奈良:  0.0mm
878,64041,2019-8-22 15:40,0.0,1119.0,針,34.605,135.9533,針:  0.0mm
879,64056,2019-8-22 15:40,0.0,1120.0,田原本,34.555,135.785,田原本:  0.0mm
880,64076,2019-8-22 15:40,0.0,1121.0,曽爾,34.5217,136.1583,曽爾:  0.0mm
881,64091,2019-8-22 15:40,0.0,1134.0,葛城,34.4883,135.7033,葛城:  0.0mm
882,64101,2019-8-22 15:40,0.0,1122.0,大宇陀,34.4883,135.9317,大宇陀:  0.0mm
883,64127,2019-8-22 15:40,0.0,1124.0,五條,34.38,135.73,五條:  0.0mm
884,64136,2019-8-22 15:40,0.0,1136.0,吉野,34.3783,135.9,吉野:  0.0mm
885,64161,2019-8-22 15:40,0.0,1137.0,天川,34.27,135.8833,天川:  0.0mm
886,64206,2019-8-22 15:40,0.0,1131.0,上北山,34.1367,136.005,上北山:  0.0mm
887,64227,2019-8-22 15:40,0.0,1132.0,風屋,34.045,135.7867,風屋:  0.0mm
888,64236,2019-8-22 15:40,0.0,,,,,nan:  0.0mm
889,64261,2019-8-22 15:40,0.0,1130.0,玉置山,33.9267,135.83,玉置山:  0.0mm
890,65021,2019-8-22 15:40,0.0,1138.0,葛城山,34.3467,135.4367,葛城山:  0.0mm
891,65026,2019-8-22 15:40,0.0,1155.0,かつらぎ,34.31,135.5283,かつらぎ:  0.0mm
892,65036,2019-8-22 15:40,0.0,1157.0,友ケ島,34.28,135.0,友ケ島:  0.0mm
893,65042,2019-8-22 15:40,0.0,1139.0,和歌山,34.2283,135.1633,和歌山:  0.0mm
894,65061,2019-8-22 15:40,0.0,1141.0,高野山,34.2217,135.59,高野山:  0.0mm
895,65106,2019-8-22 15:40,0.0,1150.0,湯浅,34.035,135.1817,湯浅:  0.0mm
896,65121,2019-8-22 15:40,0.0,1151.0,清水,34.0867,135.425,清水:  0.0mm
897,65127,2019-8-22 15:40,0.0,1142.0,護摩壇山,34.04,135.5667,護摩壇山:  0.0mm
898,65162,2019-8-22 15:40,0.0,1153.0,龍神,33.945,135.5567,龍神:  0.0mm
899,65201,2019-8-22 15:40,0.0,1158.0,川辺,33.8933,135.2167,川辺:  0.0mm
900,65226,2019-8-22 15:40,0.0,1152.0,本宮,33.8367,135.7733,本宮:  0.0mm
901,65256,2019-8-22 15:40,0.0,1149.0,栗栖川,33.7917,135.5133,栗栖川:  0.0mm
902,65276,2019-8-22 15:40,0.0,1145.0,新宮,33.6867,135.97,新宮:  0.0mm
903,65288,2019-8-22 15:40,0.0,1159.0,南紀白浜,33.6617,135.3633,南紀白浜:  0.0mm
904,65306,2019-8-22 15:40,0.0,1156.0,西川,33.6383,135.71,西川:  0.0mm
905,65311,2019-8-22 15:40,0.0,1154.0,色川,33.675,135.8483,色川:  0.0mm
906,65321,2019-8-22 15:40,0.0,1147.0,日置川,33.605,135.48,日置川:  0.0mm
907,65356,2019-8-22 15:40,0.0,1148.0,潮岬,33.45,135.7567,潮岬:  0.0mm
908,66046,2019-8-22 15:40,0.0,1182.0,上長田,35.2967,133.725,上長田:  0.0mm
909,66056,2019-8-22 15:40,0.0,1184.0,恩原,35.3,133.9867,恩原:  0.0mm
910,66091,2019-8-22 15:40,0.0,1183.0,千屋,35.1033,133.435,千屋:  0.0mm
911,66112,2019-8-22 15:40,0.0,1186.0,富,35.1783,133.805,富:  0.0mm
912,66127,2019-8-22 15:40,0.0,1181.0,奈義,35.1117,134.17,奈義:  0.0mm
913,66136,2019-8-22 15:40,0.0,1162.0,今岡,35.0983,134.325,今岡:  0.0mm
914,66171,2019-8-22 15:40,0.0,1163.0,久世,35.0683,133.7533,久世:  0.0mm
915,66186,2019-8-22 15:40,0.0,1164.0,津山,35.0633,134.0083,津山:  0.0mm
916,66221,2019-8-22 15:40,0.0,1165.0,新見,34.9433,133.5183,新見:  0.0mm
917,66226,2019-8-22 15:40,0.0,1179.0,下呰部,34.965,133.6283,下呰部:  0.0mm
918,66237,2019-8-22 15:40,0.0,1188.0,旭西,34.9617,133.8117,旭西:  0.0mm
919,66251,2019-8-22 15:40,0.0,1167.0,赤磐,34.9183,134.0817,赤磐:  0.0mm
920,66276,2019-8-22 15:40,0.0,1168.0,陣山,34.8283,133.5233,陣山:  0.0mm
921,66287,2019-8-22 15:40,0.0,1187.0,吉備中央,34.8167,133.705,吉備中央:  0.0mm
922,66296,2019-8-22 15:40,0.0,1170.0,福渡,34.8667,133.9033,福渡:  0.0mm
923,66306,2019-8-22 15:40,0.0,1171.0,和気,34.815,134.1833,和気:  0.0mm
924,66336,2019-8-22 15:40,0.0,1180.0,高梁,34.7917,133.61,高梁:  0.0mm
925,66346,2019-8-22 15:40,0.0,1185.0,日応寺,34.7567,133.855,日応寺:  0.0mm
926,66381,2019-8-22 15:40,0.0,1172.0,佐屋,34.685,133.445,佐屋:  0.0mm
927,66391,2019-8-22 15:40,0.0,1173.0,矢掛,34.6167,133.6183,矢掛:  0.0mm
928,66408,2019-8-22 15:40,0.0,1174.0,岡山,34.66,133.9167,岡山:  0.0mm
929,66421,2019-8-22 15:40,0.0,1175.0,虫明,34.6817,134.2067,虫明:  0.0mm
930,66446,2019-8-22 15:40,0.0,1176.0,倉敷,34.59,133.7683,倉敷:  0.0mm
931,66481,2019-8-22 15:40,0.0,1178.0,笠岡,34.5017,133.495,笠岡:  0.0mm
932,66501,2019-8-22 15:40,0.0,1177.0,玉野,34.4867,133.95,玉野:  0.0mm
933,67016,2019-8-22 15:40,0.0,1209.0,高野,35.0333,132.9017,高野:  0.0mm
934,67026,2019-8-22 15:40,0.0,1189.0,道後山,35.0567,133.1883,道後山:  0.0mm
935,67052,2019-8-22 15:40,0.0,1224.0,君田,34.9283,132.83,君田:  0.0mm
936,67106,2019-8-22 15:40,0.0,1192.0,三次,34.8117,132.85,三次:  0.0mm
937,67116,2019-8-22 15:40,0.0,1193.0,庄原,34.86,133.0233,庄原:  0.0mm
938,67126,2019-8-22 15:40,0.0,1210.0,東城,34.895,133.2767,東城:  0.0mm
939,67136,2019-8-22 15:40,0.0,1218.0,八幡,34.7083,132.1733,八幡:  0.0mm
940,67151,2019-8-22 15:40,0.0,1194.0,大朝,34.7683,132.4633,大朝:  0.0mm
941,67161,2019-8-22 15:40,0.0,1225.0,美土里,34.7217,132.655,美土里:  0.0mm
942,67191,2019-8-22 15:40,0.0,1219.0,油木,34.7633,133.2783,油木:  0.0mm
943,67211,2019-8-22 15:40,0.0,1217.0,王泊,34.6983,132.3117,王泊:  0.0mm
944,67212,2019-8-22 15:40,0.0,1195.0,加計,34.61,132.32,加計:  0.0mm
945,67217,2019-8-22 15:40,0.0,1223.0,都志見,34.6467,132.4433,都志見:  0.0mm
946,67231,2019-8-22 15:40,0.0,1211.0,甲田,34.695,132.76,甲田:  0.0mm
947,67251,2019-8-22 15:40,0.0,1197.0,上下,34.6933,133.1167,上下:  0.0mm
948,67271,2019-8-22 15:40,0.0,1198.0,内黒山,34.5967,132.1767,内黒山:  0.0mm
949,67292,2019-8-22 15:40,0.0,1212.0,三入,34.545,132.53,三入:  0.0mm
950,67306,2019-8-22 15:40,0.0,1226.0,安宿,34.5667,132.8383,安宿:  0.0mm
951,67316,2019-8-22 15:40,0.0,1199.0,世羅,34.5833,133.05,世羅:  0.0mm
952,67326,2019-8-22 15:40,0.0,1213.0,府中,34.5617,133.2317,府中:  0.0mm
953,67351,2019-8-22 15:40,0.5,1222.0,佐伯湯来,34.4983,132.29,佐伯湯来:  0.5mm
954,67371,2019-8-22 15:40,0.0,1216.0,志和,34.4983,132.66,志和:  0.0mm
955,67376,2019-8-22 15:40,0.0,1201.0,東広島,34.4167,132.7,東広島:  0.0mm
956,67386,2019-8-22 15:40,0.0,1221.0,本郷,34.435,132.9183,本郷:  0.0mm
957,67401,2019-8-22 15:40,0.0,1202.0,福山,34.4467,133.2467,福山:  0.0mm
958,67421,2019-8-22 15:40,0.0,1220.0,廿日市津田,34.365,132.19,廿日市津田:  0.0mm
959,67437,2019-8-22 15:40,0.0,1203.0,広島,34.3983,132.4617,広島:  0.0mm
960,67461,2019-8-22 15:40,0.0,1204.0,竹原,34.33,132.9817,竹原:  0.0mm
961,67471,2019-8-22 15:40,0.0,1205.0,生口島,34.2783,133.1233,生口島:  0.0mm
962,67496,2019-8-22 15:40,0.0,1206.0,大竹,34.2217,132.22,大竹:  0.0mm
963,67511,2019-8-22 15:40,0.0,1207.0,呉,34.24,132.55,呉:  0.0mm
964,67566,2019-8-22 15:40,0.0,1208.0,倉橋,34.0917,132.4883,倉橋:  0.0mm
965,67576,2019-8-22 15:40,0.0,1227.0,呉市蒲刈,34.165,132.7483,呉市蒲刈:  0.0mm
966,68022,2019-8-22 15:40,3.5,1228.0,西郷,36.2033,133.3333,西郷:  3.5mm
967,68046,2019-8-22 15:40,3.0,1258.0,西郷岬,36.1783,133.3233,西郷岬:  3.0mm
968,68056,2019-8-22 15:40,2.0,1251.0,海士,36.0967,133.0967,海士:  2.0mm
969,68091,2019-8-22 15:40,0.0,1230.0,鹿島,35.52,133.0217,鹿島:  0.0mm
970,68121,2019-8-22 15:40,0.0,1231.0,斐川,35.4133,132.89,斐川:  0.0mm
971,68132,2019-8-22 15:40,0.0,1232.0,松江,35.4567,133.065,松江:  0.0mm
972,68156,2019-8-22 15:40,0.0,1252.0,出雲,35.3317,132.73,出雲:  0.0mm
973,68166,2019-8-22 15:40,0.0,1233.0,大東,35.3183,132.965,大東:  0.0mm
974,68181,2019-8-22 15:40,0.0,1248.0,伯太,35.35,133.2733,伯太:  0.0mm
975,68206,2019-8-22 15:40,0.0,1245.0,佐田,35.2217,132.7233,佐田:  0.0mm
976,68246,2019-8-22 15:40,0.0,1234.0,大田,35.19,132.4967,大田:  0.0mm
977,68261,2019-8-22 15:40,0.0,1235.0,掛合,35.1983,132.8167,掛合:  0.0mm
978,68276,2019-8-22 15:40,0.0,1236.0,横田,35.1733,133.1033,横田:  0.0mm
979,68286,2019-8-22 15:40,0.0,1256.0,福光,35.07,132.3317,福光:  0.0mm
980,68306,2019-8-22 15:40,0.0,1253.0,赤名,35.0017,132.7117,赤名:  0.0mm
981,68346,2019-8-22 15:40,0.0,1246.0,桜江,34.9533,132.3333,桜江:  0.0mm
982,68351,2019-8-22 15:40,0.0,1238.0,川本,34.9767,132.4917,川本:  0.0mm
983,68376,2019-8-22 15:40,0.0,1239.0,浜田,34.8967,132.07,浜田:  0.0mm
984,68401,2019-8-22 15:40,0.0,1247.0,瑞穂,34.8533,132.53,瑞穂:  0.0mm
985,68421,2019-8-22 15:40,0.0,1240.0,三隅,34.7883,131.9583,三隅:  0.0mm
986,68431,2019-8-22 15:40,0.0,1254.0,弥栄,34.7767,132.1083,弥栄:  0.0mm
987,68436,2019-8-22 15:40,0.0,1249.0,波佐,34.78,132.1967,波佐:  0.0mm
988,68456,2019-8-22 15:40,0.0,1259.0,高津,34.675,131.79,高津:  0.0mm
989,68462,2019-8-22 15:40,0.0,1241.0,益田,34.6767,131.8433,益田:  0.0mm
990,68501,2019-8-22 15:40,0.0,1250.0,匹見,34.5717,132.0167,匹見:  0.0mm
991,68516,2019-8-22 15:40,0.0,1244.0,津和野,34.4617,131.77,津和野:  0.0mm
992,68541,2019-8-22 15:40,0.0,1260.0,吉賀,34.3917,131.8933,吉賀:  0.0mm
993,69006,2019-8-22 15:40,0.0,1261.0,境,35.5433,133.235,境:  0.0mm
994,69021,2019-8-22 15:40,0.0,1275.0,塩津,35.5233,133.5667,塩津:  0.0mm
995,69041,2019-8-22 15:40,0.0,1262.0,青谷,35.52,133.9967,青谷:  0.0mm
996,69052,2019-8-22 15:40,0.0,1280.0,湖山,35.53,134.165,湖山:  0.0mm
997,69061,2019-8-22 15:40,0.0,1264.0,岩井,35.5583,134.36,岩井:  0.0mm
998,69076,2019-8-22 15:40,0.0,1265.0,米子,35.4333,133.3383,米子:  0.0mm
999,69101,2019-8-22 15:40,0.0,1266.0,倉吉,35.4733,133.8383,倉吉:  0.0mm
1000,69111,2019-8-22 15:40,0.0,1279.0,鹿野,35.4133,134.0167,鹿野:  0.0mm
1001,69122,2019-8-22 15:40,0.0,1263.0,鳥取,35.4867,134.2383,鳥取:  0.0mm
1002,69152,2019-8-22 15:40,0.0,1269.0,大山,35.3933,133.5367,大山:  0.0mm
1003,69161,2019-8-22 15:40,0.0,1273.0,関金,35.3783,133.7567,関金:  0.0mm
1004,69181,2019-8-22 15:40,0.0,1277.0,佐治,35.3283,134.1133,佐治:  0.0mm
1005,69196,2019-8-22 15:40,0.0,1274.0,若桜,35.3333,134.405,若桜:  0.0mm
1006,69222,2019-8-22 15:40,0.0,1278.0,江尾,35.2883,133.4833,江尾:  0.0mm
1007,69246,2019-8-22 15:40,0.0,1271.0,智頭,35.2633,134.24,智頭:  0.0mm
1008,69271,2019-8-22 15:40,0.0,1276.0,茶屋,35.1867,133.23,茶屋:  0.0mm
1009,71066,2019-8-22 15:40,0.0,1282.0,池田,34.0233,133.7967,池田:  0.0mm
1010,71087,2019-8-22 15:40,0.0,1288.0,穴吹,34.04,134.1567,穴吹:  0.0mm
1011,71106,2019-8-22 15:40,0.0,1283.0,徳島,34.0667,134.5733,徳島:  0.0mm
1012,71136,2019-8-22 15:40,0.0,1292.0,半田,33.99,134.0367,半田:  0.0mm
1013,71191,2019-8-22 15:40,0.0,1291.0,京上,33.8667,133.9033,京上:  0.0mm
1014,71211,2019-8-22 15:40,0.0,1289.0,福原旭,33.8783,134.3883,福原旭:  0.0mm
1015,71231,2019-8-22 15:40,0.0,1290.0,蒲生田,33.8367,134.7417,蒲生田:  0.0mm
1016,71251,2019-8-22 15:40,0.0,1293.0,木頭,33.7717,134.205,木頭:  0.0mm
1017,71266,2019-8-22 15:40,0.0,1286.0,日和佐,33.7317,134.5383,日和佐:  0.0mm
1018,71291,2019-8-22 15:40,0.0,1296.0,海陽,33.6117,134.355,海陽:  0.0mm
1019,72061,2019-8-22 15:40,0.0,1297.0,内海,34.4717,134.2733,内海:  0.0mm
1020,72086,2019-8-22 15:40,0.0,1298.0,高松,34.3167,134.0533,高松:  0.0mm
1021,72111,2019-8-22 15:40,0.0,1299.0,多度津,34.275,133.7517,多度津:  0.0mm
1022,72121,2019-8-22 15:40,0.0,1300.0,滝宮,34.2367,133.9233,滝宮:  0.0mm
1023,72126,2019-8-22 15:40,0.0,1304.0,香南,34.2133,134.015,香南:  0.0mm
1024,72146,2019-8-22 15:40,0.0,1301.0,引田,34.2133,134.4067,引田:  0.0mm
1025,72161,2019-8-22 15:40,0.0,1303.0,財田,34.12,133.7717,財田:  0.0mm
1026,72176,2019-8-22 15:40,0.0,1302.0,竜王山,34.1133,134.05,竜王山:  0.0mm
1027,73001,2019-8-22 15:40,0.0,1305.0,大三島,34.25,133.0067,大三島:  0.0mm
1028,73071,2019-8-22 15:40,0.0,1306.0,玉川,34.0183,132.94,玉川:  0.0mm
1029,73076,2019-8-22 15:40,0.0,1323.0,今治,34.0767,132.99,今治:  0.0mm
1030,73126,2019-8-22 15:40,0.0,1319.0,西条,33.915,133.08,西条:  0.0mm
1031,73141,2019-8-22 15:40,0.0,,,,,nan:  0.0mm
1032,73151,2019-8-22 15:40,0.0,1308.0,四国中央,33.9817,133.5817,四国中央:  0.0mm
1033,73152,2019-8-22 15:40,0.0,1324.0,富郷,33.915,133.51,富郷:  0.0mm
1034,73166,2019-8-22 15:40,0.0,1309.0,松山,33.8433,132.7767,松山:  0.0mm
1035,73168,2019-8-22 15:40,0.0,1327.0,松山南吉田,33.8267,132.6983,松山南吉田:  0.0mm
1036,73231,2019-8-22 15:40,0.0,1310.0,上林,33.7383,132.89,上林:  0.0mm
1037,73247,2019-8-22 15:40,0.0,1311.0,成就社,33.795,133.1317,成就社:  0.0mm
1038,73256,2019-8-22 15:40,0.0,1312.0,長浜,33.6167,132.48,長浜:  0.0mm
1039,73271,2019-8-22 15:40,0.0,1313.0,中山,33.6383,132.7083,中山:  0.0mm
1040,73276,2019-8-22 15:40,0.0,1314.0,久万,33.6633,132.895,久万:  0.0mm
1041,73306,2019-8-22 15:40,0.0,1320.0,大洲,33.5083,132.535,大洲:  0.0mm
1042,73321,2019-8-22 15:40,0.0,1315.0,獅子越峠,33.5433,132.8317,獅子越峠:  0.0mm
1043,73341,2019-8-22 15:40,0.0,1326.0,瀬戸,33.4467,132.2567,瀬戸:  0.0mm
1044,73351,2019-8-22 15:40,0.0,1316.0,八幡浜,33.4483,132.4333,八幡浜:  0.0mm
1045,73406,2019-8-22 15:40,0.0,1322.0,宇和,33.3667,132.5033,宇和:  0.0mm
1046,73442,2019-8-22 15:40,0.0,1317.0,宇和島,33.2267,132.5517,宇和島:  0.0mm
1047,73446,2019-8-22 15:40,0.0,1325.0,近永,33.2533,132.675,近永:  0.0mm
1048,73516,2019-8-22 15:40,0.0,1318.0,御荘,32.9633,132.57,御荘:  0.0mm
1049,74056,2019-8-22 15:40,0.0,1355.0,本川,33.765,133.3383,本川:  0.0mm
1050,74071,2019-8-22 15:40,0.0,1328.0,本山,33.7533,133.575,本山:  0.0mm
1051,74101,2019-8-22 15:40,0.0,1349.0,池川,33.6083,133.1683,池川:  0.0mm
1052,74126,2019-8-22 15:40,0.0,1329.0,繁藤,33.6783,133.685,繁藤:  0.0mm
1053,74136,2019-8-22 15:40,0.0,1350.0,大栃,33.6983,133.875,大栃:  0.0mm
1054,74151,2019-8-22 15:40,0.0,1354.0,魚梁瀬,33.615,134.1083,魚梁瀬:  0.0mm
1055,74166,2019-8-22 15:40,0.0,1330.0,佐川,33.5117,133.2717,佐川:  0.0mm
1056,74181,2019-8-22 15:40,0.0,1332.0,高知,33.5667,133.5483,高知:  0.0mm
1057,74187,2019-8-22 15:40,0.0,1353.0,後免,33.59,133.6433,後免:  0.0mm
1058,74188,2019-8-22 15:40,0.0,1356.0,南国日章,33.545,133.6683,南国日章:  0.0mm
1059,74237,2019-8-22 15:40,0.0,1336.0,船戸,33.4167,133.0883,船戸:  0.0mm
1060,74238,2019-8-22 15:40,0.0,1335.0,鳥形山,33.48,133.0833,鳥形山:  0.0mm
1061,74271,2019-8-22 15:40,0.0,1337.0,安芸,33.4883,133.9333,安芸:  0.0mm
1062,74276,2019-8-22 15:40,0.0,1348.0,田野,33.4267,134.0067,田野:  0.0mm
1063,74296,2019-8-22 15:40,0.0,1347.0,梼原,33.39,132.9217,梼原:  0.0mm
1064,74311,2019-8-22 15:40,0.0,1338.0,須崎,33.385,133.2767,須崎:  0.0mm
1065,74336,2019-8-22 15:40,0.0,1339.0,佐喜浜,33.3933,134.205,佐喜浜:  0.0mm
1066,74361,2019-8-22 15:40,0.0,1340.0,窪川,33.2067,133.1283,窪川:  0.0mm
1067,74372,2019-8-22 15:40,0.0,1341.0,室戸岬,33.2517,134.1767,室戸岬:  0.0mm
1068,74381,2019-8-22 15:40,0.0,1352.0,江川崎,33.17,132.7917,江川崎:  0.0mm
1069,74391,2019-8-22 15:40,0.0,1343.0,大正,33.1933,132.9717,大正:  0.0mm
1070,74436,2019-8-22 15:40,0.0,1351.0,佐賀,33.0783,133.1017,佐賀:  0.0mm
1071,74447,2019-8-22 15:40,0.0,1344.0,宿毛,32.92,132.695,宿毛:  0.0mm
1072,74456,2019-8-22 15:40,0.0,1345.0,中村,32.99,132.92,中村:  0.0mm
1073,74506,2019-8-22 15:40,0.0,1357.0,三崎,32.795,132.8717,三崎:  0.0mm
1074,74516,2019-8-22 15:40,0.0,1346.0,清水,32.7217,133.01,清水:  0.0mm
1075,81011,2019-8-22 15:40,0.0,1358.0,須佐,34.615,131.6233,須佐:  0.0mm
1076,81071,2019-8-22 15:40,0.0,1359.0,萩,34.41,131.405,萩:  0.0mm
1077,81116,2019-8-22 15:40,0.0,1374.0,油谷,34.37,131.055,油谷:  0.0mm
1078,81141,2019-8-22 15:40,0.0,1381.0,篠生,34.3033,131.5767,篠生:  0.0mm
1079,81151,2019-8-22 15:40,0.0,1360.0,徳佐,34.3983,131.725,徳佐:  0.0mm
1080,81167,2019-8-22 15:40,0.0,1378.0,羅漢山,34.35,132.0633,羅漢山:  0.0mm
1081,81196,2019-8-22 15:40,0.0,1362.0,秋吉台,34.235,131.3067,秋吉台:  0.0mm
1082,81228,2019-8-22 15:40,0.0,1382.0,鹿野,34.225,131.815,鹿野:  0.0mm
1083,81231,2019-8-22 15:40,0.0,1364.0,広瀬,34.2617,131.9517,広瀬:  0.0mm
1084,81266,2019-8-22 15:40,0.0,1365.0,豊田,34.1867,131.0767,豊田:  0.0mm
1085,81271,2019-8-22 15:40,0.0,1383.0,東厚保,34.1183,131.1817,東厚保:  0.0mm
1086,81286,2019-8-22 15:40,0.0,1367.0,山口,34.16,131.4533,山口:  0.0mm
1087,81301,2019-8-22 15:40,0.0,1380.0,和田,34.1483,131.735,和田:  0.0mm
1088,81321,2019-8-22 15:40,0.0,1375.0,岩国,34.155,132.1783,岩国:  0.0mm
1089,81371,2019-8-22 15:40,0.0,1368.0,防府,34.04,131.5333,防府:  0.0mm
1090,81386,2019-8-22 15:40,0.0,1369.0,下松,34.0217,131.8733,下松:  0.0mm
1091,81397,2019-8-22 15:40,0.0,1373.0,玖珂,34.095,132.075,玖珂:  0.0mm
1092,81428,2019-8-22 15:40,0.0,1370.0,下関,33.9483,130.925,下関:  0.0mm
1093,81436,2019-8-22 15:40,0.0,1371.0,宇部,33.93,131.2783,宇部:  0.0mm
1094,81481,2019-8-22 15:40,0.0,1377.0,柳井,33.9583,132.1133,柳井:  0.0mm
1095,81486,2019-8-22 15:40,0.0,1372.0,安下庄,33.9033,132.2917,安下庄:  0.0mm
1096,82036,2019-8-22 15:40,0.0,,,,,nan:  0.0mm
1097,82046,2019-8-22 15:40,0.0,1398.0,宗像,33.8083,130.5383,宗像:  0.0mm
1098,82056,2019-8-22 15:40,0.0,1384.0,八幡,33.8517,130.7433,八幡:  0.0mm
1099,82068,2019-8-22 15:40,0.0,1405.0,空港北町,33.845,131.035,空港北町:  0.0mm
1100,82097,2019-8-22 15:40,0.0,,,,,nan:  0.0mm
1101,82101,2019-8-22 15:40,0.0,1386.0,行橋,33.7117,130.975,行橋:  0.0mm
1102,82136,2019-8-22 15:40,0.0,1388.0,飯塚,33.6517,130.6933,飯塚:  0.0mm
1103,82171,2019-8-22 15:40,0.0,1389.0,前原,33.56,130.1917,前原:  0.0mm
1104,82182,2019-8-22 15:40,0.0,1390.0,福岡,33.5817,130.375,福岡:  0.0mm
1105,82186,2019-8-22 15:40,0.0,1403.0,博多,33.5833,130.4517,博多:  0.0mm
1106,82191,2019-8-22 15:40,0.0,1402.0,太宰府,33.5133,130.5,太宰府:  0.0mm
1107,82206,2019-8-22 15:40,0.0,1401.0,添田,33.56,130.8533,添田:  0.0mm
1108,82241,2019-8-22 15:40,0.0,1406.0,早良脇山,33.4883,130.3533,早良脇山:  0.0mm
1109,82261,2019-8-22 15:40,0.0,1392.0,朝倉,33.405,130.695,朝倉:  0.0mm
1110,82272,2019-8-22 15:40,0.0,1393.0,英彦山,33.4883,130.9233,英彦山:  0.0mm
1111,82306,2019-8-22 15:40,0.0,1394.0,久留米,33.3017,130.4917,久留米:  0.0mm
1112,82316,2019-8-22 15:40,0.0,1395.0,耳納山,33.2917,130.625,耳納山:  0.0mm
1113,82317,2019-8-22 15:40,0.0,1396.0,黒木,33.2233,130.6467,黒木:  0.0mm
1114,82331,2019-8-22 15:40,0.0,1400.0,柳川,33.16,130.4033,柳川:  0.0mm
1115,82361,2019-8-22 15:40,0.0,1397.0,大牟田,33.0067,130.4667,大牟田:  0.0mm
1116,83021,2019-8-22 15:40,0.5,1429.0,国見,33.675,131.59,国見:  0.5mm
1117,83051,2019-8-22 15:40,0.0,1408.0,中津,33.5867,131.245,中津:  0.0mm
1118,83061,2019-8-22 15:40,0.0,1409.0,豊後高田,33.57,131.4333,豊後高田:  0.0mm
1119,83096,2019-8-22 15:40,0.0,1428.0,耶馬渓,33.445,131.115,耶馬渓:  0.0mm
1120,83106,2019-8-22 15:40,0.0,1425.0,院内,33.42,131.3167,院内:  0.0mm
1121,83121,2019-8-22 15:40,0.0,1432.0,杵築,33.4167,131.5967,杵築:  0.0mm
1122,83126,2019-8-22 15:40,0.0,1410.0,武蔵,33.4783,131.7367,武蔵:  0.0mm
1123,83137,2019-8-22 15:40,0.0,1412.0,日田,33.3217,130.9283,日田:  0.0mm
1124,83191,2019-8-22 15:40,0.0,1426.0,玖珠,33.2917,131.155,玖珠:  0.0mm
1125,83201,2019-8-22 15:40,0.0,1413.0,湯布院,33.2533,131.3467,湯布院:  0.0mm
1126,83216,2019-8-22 15:40,0.0,1414.0,大分,33.235,131.6183,大分:  0.0mm
1127,83226,2019-8-22 15:40,0.0,1415.0,佐賀関,33.2483,131.865,佐賀関:  0.0mm
1128,83242,2019-8-22 15:40,0.0,1433.0,椿ヶ鼻,33.1917,130.915,椿ヶ鼻:  0.0mm
1129,83286,2019-8-22 15:40,0.0,1427.0,臼杵,33.1233,131.805,臼杵:  0.0mm
1130,83341,2019-8-22 15:40,0.0,1419.0,犬飼,33.065,131.6317,犬飼:  0.0mm
1131,83371,2019-8-22 15:40,0.0,1420.0,竹田,32.9733,131.3983,竹田:  0.0mm
1132,83401,2019-8-22 15:40,0.0,1422.0,佐伯,32.95,131.9017,佐伯:  0.0mm
1133,83431,2019-8-22 15:40,0.0,1430.0,宇目,32.845,131.675,宇目:  0.0mm
1134,83476,2019-8-22 15:40,0.0,1424.0,蒲江,32.795,131.9233,蒲江:  0.0mm
1135,84012,2019-8-22 15:40,0.0,1458.0,鰐浦,34.6983,129.445,鰐浦:  0.0mm
1136,84072,2019-8-22 15:40,0.0,1435.0,厳原,34.1967,129.2917,厳原:  0.0mm
1137,84076,2019-8-22 15:40,0.0,1463.0,美津島,34.285,129.33,美津島:  0.0mm
1138,84121,2019-8-22 15:40,0.0,1452.0,芦辺,33.8,129.7217,芦辺:  0.0mm
1139,84122,2019-8-22 15:40,0.0,1459.0,石田,33.7483,129.785,石田:  0.0mm
1140,84171,2019-8-22 15:40,3.5,1436.0,平戸,33.36,129.55,平戸:  3.5mm
1141,84183,2019-8-22 15:40,0.0,1437.0,松浦,33.3417,129.7117,松浦:  0.0mm
1142,84266,2019-8-22 15:40,0.0,1439.0,佐世保,33.1583,129.7267,佐世保:  0.0mm
1143,84286,2019-8-22 15:40,0.0,1462.0,頭ヶ島,33.0133,129.1917,頭ヶ島:  0.0mm
1144,84341,2019-8-22 15:40,0.0,1451.0,有川,32.9817,129.1183,有川:  0.0mm
1145,84356,2019-8-22 15:40,0.0,1440.0,大瀬戸,32.9483,129.6333,大瀬戸:  0.0mm
1146,84361,2019-8-22 15:40,0.0,1441.0,長浦岳,32.9083,129.7383,長浦岳:  0.0mm
1147,84371,2019-8-22 15:40,0.0,1450.0,大村,32.9167,129.9133,大村:  0.0mm
1148,84441,2019-8-22 15:40,0.0,1443.0,諫早,32.8433,130.025,諫早:  0.0mm
1149,84496,2019-8-22 15:40,0.0,1444.0,長崎,32.7333,129.8667,長崎:  0.0mm
1150,84519,2019-8-22 15:40,0.0,1445.0,雲仙岳,32.7367,130.2617,雲仙岳:  0.0mm
1151,84523,2019-8-22 15:40,0.0,1448.0,島原,32.7417,130.3733,島原:  0.0mm
1152,84536,2019-8-22 15:40,0.0,1446.0,福江,32.6933,128.8267,福江:  0.0mm
1153,84537,2019-8-22 15:40,0.0,1460.0,上大津,32.665,128.8317,上大津:  0.0mm
1154,84561,2019-8-22 15:40,0.0,1447.0,口之津,32.6117,130.1933,口之津:  0.0mm
1155,84596,2019-8-22 15:40,0.0,1453.0,野母崎,32.5783,129.74,野母崎:  0.0mm
1156,85033,2019-8-22 15:40,0.0,1474.0,唐津,33.4583,129.955,唐津:  0.0mm
1157,85046,2019-8-22 15:40,0.0,1476.0,北山,33.4133,130.22,北山:  0.0mm
1158,85106,2019-8-22 15:40,0.0,1475.0,鳥栖,33.385,130.5167,鳥栖:  0.0mm
1159,85116,2019-8-22 15:40,0.0,1472.0,伊万里,33.2667,129.8783,伊万里:  0.0mm
1160,85142,2019-8-22 15:40,0.0,1468.0,佐賀,33.265,130.305,佐賀:  0.0mm
1161,85161,2019-8-22 15:40,0.0,1470.0,嬉野,33.1167,129.995,嬉野:  0.0mm
1162,85166,2019-8-22 15:40,0.0,1469.0,白石,33.1833,130.1483,白石:  0.0mm
1163,85176,2019-8-22 15:40,0.0,1473.0,川副,33.1483,130.3017,川副:  0.0mm
1164,86006,2019-8-22 15:40,0.0,1477.0,鹿北,33.115,130.6917,鹿北:  0.0mm
1165,86066,2019-8-22 15:40,0.0,1478.0,南小国,33.1033,131.0667,南小国:  0.0mm
1166,86086,2019-8-22 15:40,0.0,1479.0,岱明,32.915,130.5117,岱明:  0.0mm
1167,86101,2019-8-22 15:40,0.0,1480.0,菊池,32.9467,130.7817,菊池:  0.0mm
1168,86111,2019-8-22 15:40,0.0,1506.0,阿蘇乙姫,32.94,131.04,阿蘇乙姫:  0.0mm
1169,86141,2019-8-22 15:40,0.0,1482.0,熊本,32.8133,130.7067,熊本:  0.0mm
1170,86146,2019-8-22 15:40,0.0,1496.0,益城,32.8367,130.855,益城:  0.0mm
1171,86157,2019-8-22 15:40,0.0,,,,,nan:  0.0mm
1172,86161,2019-8-22 15:40,0.0,1485.0,高森,32.8217,131.125,高森:  0.0mm
1173,86181,2019-8-22 15:40,0.0,1509.0,宇土,32.7,130.6567,宇土:  0.0mm
1174,86197,2019-8-22 15:40,0.0,1512.0,山都,32.7117,130.9583,山都:  0.0mm
1175,86216,2019-8-22 15:40,0.0,1501.0,三角,32.6117,130.4783,三角:  0.0mm
1176,86236,2019-8-22 15:40,0.0,1487.0,甲佐,32.645,130.8083,甲佐:  0.0mm
1177,86271,2019-8-22 15:40,0.0,1488.0,松島,32.515,130.4467,松島:  0.0mm
1178,86316,2019-8-22 15:40,0.0,1490.0,本渡,32.4683,130.18,本渡:  0.0mm
1179,86336,2019-8-22 15:40,0.0,1491.0,八代,32.4733,130.6067,八代:  0.0mm
1180,86396,2019-8-22 15:40,0.0,1500.0,田浦,32.3633,130.5083,田浦:  0.0mm
1181,86407,2019-8-22 15:40,0.0,1508.0,山江,32.3017,130.7467,山江:  0.0mm
1182,86411,2019-8-22 15:40,0.5,,,,,nan:  0.5mm
1183,86451,2019-8-22 15:40,0.0,1497.0,水俣,32.205,130.4067,水俣:  0.0mm
1184,86461,2019-8-22 15:40,0.0,1510.0,一勝地,32.245,130.645,一勝地:  0.0mm
1185,86467,2019-8-22 15:40,0.0,1492.0,人吉,32.2167,130.755,人吉:  0.0mm
1186,86477,2019-8-22 15:40,0.0,1499.0,上,32.225,130.905,上:  0.0mm
1187,86478,2019-8-22 15:40,0.0,1498.0,多良木,32.295,130.95,多良木:  0.0mm
1188,86481,2019-8-22 15:40,0.0,1502.0,湯前横谷,32.2633,131.045,湯前横谷:  0.0mm
1189,86491,2019-8-22 15:40,0.0,1493.0,牛深,32.1967,130.0267,牛深:  0.0mm
1190,87041,2019-8-22 15:40,2.0,1513.0,高千穂,32.7117,131.29,高千穂:  2.0mm
1191,87066,2019-8-22 15:40,0.0,1534.0,古江,32.7117,131.82,古江:  0.0mm
1192,87071,2019-8-22 15:40,0.0,1539.0,鞍岡,32.6433,131.1567,鞍岡:  0.0mm
1193,87086,2019-8-22 15:40,0.5,1545.0,日之影,32.6817,131.4067,日之影:  0.5mm
1194,87127,2019-8-22 15:40,0.0,1537.0,諸塚,32.5167,131.335,諸塚:  0.0mm
1195,87136,2019-8-22 15:40,0.0,1541.0,北方,32.5617,131.525,北方:  0.0mm
1196,87141,2019-8-22 15:40,0.0,1516.0,延岡,32.5817,131.6567,延岡:  0.0mm
1197,87157,2019-8-22 15:40,0.0,,,,,nan:  0.0mm
1198,87181,2019-8-22 15:40,0.0,1518.0,日向,32.4083,131.6,日向:  0.0mm
1199,87206,2019-8-22 15:40,0.0,1540.0,神門,32.385,131.3317,神門:  0.0mm
1200,87231,2019-8-22 15:40,0.0,1538.0,西米良,32.23,131.1517,西米良:  0.0mm
1201,87251,2019-8-22 15:40,0.0,1544.0,都農,32.2833,131.5417,都農:  0.0mm
1202,87293,2019-8-22 15:40,0.0,,,,,nan:  0.0mm
1203,87301,2019-8-22 15:40,0.0,1521.0,加久藤,32.0467,130.81,加久藤:  0.0mm
1204,87331,2019-8-22 15:40,0.0,1522.0,西都,32.0617,131.4133,西都:  0.0mm
1205,87346,2019-8-22 15:40,0.0,1523.0,えびの,31.945,130.84,えびの:  0.0mm
1206,87352,2019-8-22 15:40,0.0,1524.0,小林,32.0,130.955,小林:  0.0mm
1207,87361,2019-8-22 15:40,0.0,1525.0,野尻,31.9567,131.1567,野尻:  0.0mm
1208,87371,2019-8-22 15:40,0.0,1526.0,国富,32.0067,131.2967,国富:  0.0mm
1209,87376,2019-8-22 15:40,0.0,1527.0,宮崎,31.9383,131.4133,宮崎:  0.0mm
1210,87406,2019-8-22 15:40,0.0,,,,,nan:  0.0mm
1211,87412,2019-8-22 15:40,0.0,1543.0,赤江,31.8767,131.4483,赤江:  0.0mm
1212,87426,2019-8-22 15:40,0.0,1530.0,都城,31.73,131.08,都城:  0.0mm
1213,87461,2019-8-22 15:40,0.0,1535.0,深瀬,31.6367,131.25,深瀬:  0.0mm
1214,87492,2019-8-22 15:40,0.0,1532.0,油津,31.5783,131.4067,油津:  0.0mm
1215,87501,2019-8-22 15:40,0.0,1533.0,串間,31.465,131.22,串間:  0.0mm
1216,88061,2019-8-22 15:40,0.0,1549.0,阿久根,32.0267,130.2,阿久根:  0.0mm
1217,88066,2019-8-22 15:40,0.0,1579.0,出水,32.0933,130.3517,出水:  0.0mm
1218,88081,2019-8-22 15:40,0.0,1551.0,大口,32.0467,130.6267,大口:  0.0mm
1219,88101,2019-8-22 15:40,0.0,1553.0,紫尾山,31.98,130.3667,紫尾山:  0.0mm
1220,88107,2019-8-22 15:40,0.0,1554.0,さつま柏原,31.9167,130.455,さつま柏原:  0.0mm
1221,88131,2019-8-22 15:40,0.0,1555.0,中甑,31.835,129.865,中甑:  0.0mm
1222,88151,2019-8-22 15:40,0.0,1556.0,川内,31.835,130.315,川内:  0.0mm
1223,88166,2019-8-22 15:40,0.0,1557.0,溝辺,31.8033,130.7183,溝辺:  0.0mm
1224,88211,2019-8-22 15:40,0.0,1558.0,八重山,31.7467,130.4383,八重山:  0.0mm
1225,88261,2019-8-22 15:40,0.0,1559.0,東市来,31.6683,130.3267,東市来:  0.0mm
1226,88286,2019-8-22 15:40,0.5,1580.0,牧之原,31.6617,130.8433,牧之原:  0.5mm
1227,88317,2019-8-22 15:40,1.5,1561.0,鹿児島,31.5533,130.5467,鹿児島:  1.5mm
1228,88331,2019-8-22 15:40,0.0,1587.0,輝北,31.5883,130.855,輝北:  0.0mm
1229,88341,2019-8-22 15:40,0.0,1588.0,大隅,31.58,131.005,大隅:  0.0mm
1230,88371,2019-8-22 15:40,0.0,1563.0,加世田,31.415,130.325,加世田:  0.0mm
1231,88392,2019-8-22 15:40,0.0,1564.0,吉ケ別府,31.46,130.86,吉ケ別府:  0.0mm
1232,88406,2019-8-22 15:40,0.0,1581.0,志布志,31.4783,131.095,志布志:  0.0mm
1233,88432,2019-8-22 15:40,0.0,1566.0,喜入,31.3867,130.54,喜入:  0.0mm
1234,88442,2019-8-22 15:40,0.0,1582.0,鹿屋,31.39,130.8633,鹿屋:  0.0mm
1235,88447,2019-8-22 15:40,0.0,1590.0,肝付前田,31.34,130.9383,肝付前田:  0.0mm
1236,88466,2019-8-22 15:40,0.0,1568.0,枕崎,31.2717,130.2933,枕崎:  0.0mm
1237,88486,2019-8-22 15:40,0.0,1569.0,指宿,31.2483,130.6367,指宿:  0.0mm
1238,88506,2019-8-22 15:40,0.0,1571.0,内之浦,31.2767,131.055,内之浦:  0.0mm
1239,88536,2019-8-22 15:40,0.0,1585.0,田代,31.1983,130.8433,田代:  0.0mm
1240,88551,2019-8-22 15:40,0.0,1589.0,佐多,31.0933,130.69,佐多:  0.0mm
1241,88612,2019-8-22 15:40,0.0,1572.0,種子島,30.72,130.9817,種子島:  0.0mm
1242,88621,2019-8-22 15:40,0.0,1573.0,中種子,30.605,130.9917,中種子:  0.0mm
1243,88666,2019-8-22 15:40,0.0,1574.0,上中,30.4067,130.9,上中:  0.0mm
1244,88686,2019-8-22 15:40,0.0,1577.0,屋久島,30.385,130.6583,屋久島:  0.0mm
1245,88706,2019-8-22 15:40,0.0,1575.0,尾之間,30.2333,130.555,尾之間:  0.0mm
1246,88736,2019-8-22 15:40,0.0,1594.0,中之島,29.8383,129.8667,中之島:  0.0mm
1247,88746,2019-8-22 15:40,0.0,,,,,nan:  0.0mm
1248,88756,2019-8-22 15:40,0.0,,,,,nan:  0.0mm
1249,88776,2019-8-22 15:40,0.0,,,,,nan:  0.0mm
1250,88781,2019-8-22 15:40,0.0,,,,,nan:  0.0mm
1251,88821,2019-8-22 15:40,0.0,1593.0,笠利,28.43,129.7117,笠利:  0.0mm
1252,88836,2019-8-22 15:40,0.0,1576.0,名瀬,28.3783,129.495,名瀬:  0.0mm
1253,88851,2019-8-22 15:40,0.0,1592.0,喜界島,28.32,129.9267,喜界島:  0.0mm
1254,88901,2019-8-22 15:40,0.0,1583.0,古仁屋,28.1433,129.315,古仁屋:  0.0mm
1255,88931,2019-8-22 15:40,0.0,1595.0,天城,27.835,128.88,天城:  0.0mm
1256,88956,2019-8-22 15:40,0.0,1586.0,伊仙,27.6767,128.9733,伊仙:  0.0mm
1257,88971,2019-8-22 15:40,0.0,1578.0,沖永良部,27.4317,128.705,沖永良部:  0.0mm
1258,88986,2019-8-22 15:40,0.0,1591.0,与論島,27.0433,128.4017,与論島:  0.0mm
1259,91011,2019-8-22 15:40,0.0,1609.0,伊是名,26.9483,127.94,伊是名:  0.0mm
1260,91021,2019-8-22 15:40,0.0,1597.0,奥,26.835,128.2717,奥:  0.0mm
1261,91046,2019-8-22 15:40,0.0,1636.0,国頭,26.7283,128.1783,国頭:  0.0mm
1262,91066,2019-8-22 15:40,0.0,1622.0,本部,26.685,127.8983,本部:  0.0mm
1263,91081,2019-8-22 15:40,0.0,1623.0,東,26.6317,128.1533,東:  0.0mm
1264,91096,2019-8-22 15:40,0.0,1631.0,粟国,26.5917,127.24,粟国:  0.0mm
1265,91107,2019-8-22 15:40,0.0,1600.0,名護,26.5933,127.965,名護:  0.0mm
1266,91121,2019-8-22 15:40,0.0,1602.0,読谷,26.405,127.7417,読谷:  0.0mm
1267,91141,2019-8-22 15:40,0.0,1635.0,北原,26.3633,126.7133,北原:  0.0mm
1268,91146,2019-8-22 15:40,0.0,1611.0,久米島,26.3367,126.8033,久米島:  0.0mm
1269,91151,2019-8-22 15:40,0.0,,,,,nan:  0.0mm
1270,91161,2019-8-22 15:40,0.0,1603.0,胡屋,26.3267,127.805,胡屋:  0.0mm
1271,91166,2019-8-22 15:40,0.0,1637.0,宮城島,26.3633,127.9733,宮城島:  0.0mm
1272,91181,2019-8-22 15:40,0.0,1612.0,渡嘉敷,26.21,127.3633,渡嘉敷:  0.0mm
1273,91197,2019-8-22 15:40,0.0,1604.0,那覇,26.2067,127.685,那覇:  0.0mm
1274,91216,2019-8-22 15:40,0.0,1632.0,慶良間,26.1683,127.2933,慶良間:  0.0mm
1275,91236,2019-8-22 15:40,0.0,1624.0,安次嶺,26.195,127.645,安次嶺:  0.0mm
1276,91241,2019-8-22 15:40,0.0,1605.0,糸数,26.1533,127.765,糸数:  0.0mm
1277,92006,2019-8-22 15:40,0.0,1633.0,北大東,25.9433,131.3267,北大東:  0.0mm
1278,92011,2019-8-22 15:40,0.0,1621.0,南大東(南大東島),25.8283,131.2267,南大東(南大東島):  0.0mm
1279,92012,2019-8-22 15:40,0.0,1634.0,旧東,25.8467,131.2633,旧東:  0.0mm
1280,93012,2019-8-22 15:40,0.0,1627.0,下地,24.8267,125.1433,下地:  0.0mm
1281,93041,2019-8-22 15:40,0.0,1610.0,宮古島,24.7933,125.2767,宮古島:  0.0mm
1282,93042,2019-8-22 15:40,0.0,1625.0,鏡原,24.7817,125.295,鏡原:  0.0mm
1283,93051,2019-8-22 15:40,0.0,1615.0,城辺,24.7433,125.41,城辺:  0.0mm
1284,93062,2019-8-22 15:40,0.0,1628.0,仲筋,24.6533,124.675,仲筋:  0.0mm
1285,94001,2019-8-22 15:40,0.0,1608.0,伊原間,24.5083,124.28,伊原間:  0.0mm
1286,94011,2019-8-22 15:40,0.0,1629.0,所野,24.4667,122.9783,所野:  0.0mm
1287,94017,2019-8-22 15:40,0.0,1619.0,与那国島,24.4667,123.01,与那国島:  0.0mm
1288,94036,2019-8-22 15:40,0.0,1616.0,川平,24.4667,124.14,川平:  0.0mm
1289,94062,2019-8-22 15:40,0.0,1618.0,西表島,24.4267,123.765,西表島:  0.0mm
1290,94081,2019-8-22 15:40,0.0,1607.0,石垣島,24.3367,124.1633,石垣島:  0.0mm
1291,94086,2019-8-22 15:40,0.0,,,,,nan:  0.0mm
1292,94101,2019-8-22 15:40,0.0,1617.0,大原,24.265,123.8717,大原:  0.0mm
1293,94116,2019-8-22 15:40,0.0,1620.0,波照間,24.055,123.7683,波照間:  0.0mm
1294,94121,2019-8-22 15:40,0.0,1630.0,志多阿原,24.0583,123.8033,志多阿原:  0.0mm
